ReviewId,Created,LikeOrDislike,TrackId,Username
1,1709328616000,false,6ugHtvnpOMKKih79a6KdeP,lislepdh
2,1718504234000,false,3mboT2coqhDSHXiz9UTXNh,ldiggar2q
3,1712765456000,true,1FsdRJ18d03VsZ2L0QtCi4,gmardyrj
4,1723635484000,false,58DLcRczOIATNmqrUDosCU,mertelt11
5,1710052549000,true,7tUHlsHVzRKtvbbPlQ30ZD,fhuguesha
6,1723110154000,false,4SOnL149BShT4rIN3mHBpP,hgoudieu
7,1707293691000,true,1K0UqOAilRFJvZPvtWU3Oc,arookebynv
8,1708158554000,true,7zx2Nb2BTMOFelkvb4nNPB,noaktonn1
9,1719927892000,true,4vbp1GWjMo0pwYYC2dNwun,dhuejj
10,1724873481000,false,28Tmk14BdrfaV2YzxpB35c,aghentp3
11,1727521271000,true,5DZUMwnFa2KqVsGM0dmQFQ,lsweatingql
12,1723277289000,true,6n8iNBWjmkeWpo2GThR1Jh,adunlop1r
13,1722178192000,true,3sGXoCI6hZ14nJcFd5sxiy,tgleavesk2
14,1709426731000,true,0d1ujEcFwTqA4kWliTSJim,slairdcraig4o
15,1724511628000,false,4P8gSYEktoqRefQrkD2Hej,mcolquerano8
16,1715773058000,false,1srA7XXVhBSt3LfvacwFhO,mcomiammv
17,1699184826000,true,5VUVf5tMTfL8UwdOmiRxqJ,egiovannettiv
18,1712620738000,true,4jb14dAeRBPMhHyS4u8ZKW,ggummerld
19,1712496701000,true,2QeTXxduUbXpSWY3WCVK2v,djoangv
20,1709911843000,true,1vv7h64yOLrdfHuTzfv9gI,cramsbottom79
21,1706481895000,true,5o30AUzgF2rLaRCVUVJty3,dsongerk9
22,1699462662000,true,3C6ndk7hs6uF8RlzqwKhKh,hboormanf8
23,1701626966000,false,0XmvrI2Fczr9zkvgQvqeNx,ploadsmanbw
24,1721026449000,false,1DxT6f6mH7kLriOUWbujup,lbrenstuhl52
25,1722814923000,true,4ZS3D6vrI42Q0RBdovCKEl,dlindellbj
26,1707794944000,true,4ensio3acJ17PegjBcmXVg,mraisbeckmw
27,1699985304000,true,2hEJo0SnOLcKWI0zsQhnri,cfaithfullns
28,1724397790000,false,2tYheXpWuvarJVOTyXRuqF,sasche2c
29,1706713754000,true,2H8j8ihAGqjhAb6sAkP8py,bfindlowjs
30,1718421318000,true,3f3HfaJfzYK4SzsVhQnLZO,igrzeskowskioj
31,1703941004000,false,7cTOHp4e3lQjt6UlHRjwPM,ksiddonsgf
32,1709008347000,false,3fWVixEfLz23CbwOHGQFQW,jhegleyis
33,1726349843000,true,5lkDeLVqRKlrBhHUecobqn,mblackabyke
34,1706396456000,false,2zIS2XbtE2kdFSU5u0qzRp,cqueenji
35,1719402991000,true,4VPGTCOOME5IrHumFRPohU,mdorning4f
36,1706397862000,true,6EOKwO6WaLal58MSsi6U4W,bthompsone7
37,1698123242000,false,45WaKduwtrn9qnqj3GYeIX,abeinema
38,1705719823000,false,7GW0PERAXPXviZe3zztMKy,jbyer5x
39,1713636677000,false,6eu7S3v7Py2gw3eukxiHbD,wcoathup5f
40,1700162075000,true,68Clm85Z6S3BtKndStFne7,mtwinnc6
41,1715481890000,true,2UT8BQAlm5YZBt58MZMlJj,zyaneler7
42,1711050453000,true,0PlDNQbMpqhUy8EMAruwTk,nmaccartkw
43,1717976821000,true,13wxPGiXd70Ai2uGsf5EWe,kbentalle9
44,1704175815000,false,5FXYwdQivbaBa74NC1ibEo,rfrenzel19
45,1728989572000,true,41bZ32oR2zk5h9BMSI5da5,ssodorea
46,1728007337000,false,3qRx04zCVZvcKZsPUchgIG,pputtenc8
47,1718885656000,true,5hnzpC8Fp3BzDgaacxGItd,zrobken18
48,1716348406000,true,7MIKwg3dDCWhxMVjMvqF1O,hswindleyos
49,1724478524000,false,0naYPixoWCVoKdUAcpIJYG,meytonhk
50,1713494749000,true,2pDqDYjyAU6WppdcfwdWf5,jantoniutti2k
51,1698784238000,false,1OEN5wnzICsfdDOGbwaAdb,godulchontaq4
52,1724443681000,false,58MMmaxuTVTh3wsmVeHtdS,tthackston59
53,1723233364000,false,7K293fK5kJf9TP6HgMsyGw,rhudsoni2
54,1728028148000,true,2ZfkAtWcVfs7g7VDbed7JZ,gkimburyqh
55,1723352929000,true,2ctNCbGjPBmIJG8ZeUxTWM,hmerredyiz
56,1727202196000,true,6qr6qpP9J9YBBYsVmJFd5c,mblaskettmd
57,1705714927000,true,1JjlEP76VzsKKBRa2JdvIy,zprettejohnsje
58,1710990376000,true,77J234HlWAZA4scq7BAOhq,dbeterissig
59,1727133792000,false,15BFn2VmEtonsXfNL1lUmy,jkesper14
60,1721933785000,false,5k8HtMMebjFkS2GMy8eKUi,chumei1
61,1701348114000,false,5O8NTmi6nq47lg0XKHzUZg,emillanf7
62,1704990788000,false,40XeGNGFchGYw7y0ue1GiG,lwomack5j
63,1711939592000,true,7iYMW4Ww40RAbfeccmzMQa,ltompkissrb
64,1729182326000,false,0Vj91xykv1vhkPR0D2Np8W,zcavy2x
65,1722450262000,true,0kD1j1yVuagqofnTB8vs6t,rwaudo4
66,1707223646000,false,10qFyEwoDALDmgymvqxims,jblankenshipd0
67,1717744016000,false,7ClXkeeCRVAZ1ozpwSXFwa,zdrewelljo
68,1729262670000,true,39BYcHLXEyVRZ3WBlaUa6E,lroarty76
69,1724134705000,true,0LOgt6yDDGGBHSWvlKbdHo,mlangmuirjl
70,1715350122000,false,7isX5iRmOjoqrTLAwQ9GFJ,mposthill5a
71,1704888068000,true,3zIwapXZFb40mj9RMnSRIn,hboormanf8
72,1709029498000,false,560Ac5wm8qT64yGNRKRhpN,slittlepage3p
73,1718262959000,false,185Wm4Mx09dQG0fUktklDm,kbrumheadjz
74,1706114725000,false,2GqCEJpzmD81AJ2H0Hyz5T,smionnr
75,1720646004000,true,7Gucs6xJPHbkrFwgjbih0j,amandre46
76,1715117490000,true,1jDJwRILFMMNIgnoXw4SQa,ereddoch9h
77,1720615863000,false,7v373TJVKDsnubhoMJ7eA1,dpalke2b
78,1709149390000,true,1LM5zQv5pBKPyO7rm7Uz6U,ltemporalrf
79,1698671639000,true,48BBynvMm4jmI7hZ9hgPtU,bfaldoe9m
80,1712838773000,true,3Bh7XsEU3ITiT5t1tefc04,cmacgraith27
81,1720142604000,true,3tE5KkCSjPX32YxpAR5dXB,ecroston2j
82,1721369407000,true,4fw14C2fAIZVfNnzHEjJt3,jbethof3
83,1729499842000,true,39WfnM8IJ8UNZYosdJjzUC,amcdellbt
84,1704563160000,true,73cWvVPgSYZU9B7nOjggoY,mgreeve3y
85,1707388401000,false,5U7gQ28eWDHl3q1a8pLVay,treveleyr
86,1711843808000,false,675g81tQUHsYVwMoLo7Bq4,szanettifx
87,1727617790000,false,30wOsGGJ89E6LJkvVJKpSm,smanderi7
88,1699986189000,false,58c8pMaXi3xdpBIVfG6WGC,gkasherjd
89,1705183929000,true,4tf92yoVW7DaJ5Qab2nTsM,tdambrogie4
90,1726933769000,false,1CqlmFVsqVFzv5LPbHgt0P,jjuliff7l
91,1716109925000,true,6bmygzEpGwj7YFiDwRs0QJ,bthompsone7
92,1723030009000,false,1o2suklKb6UYQxZnOO3zlz,vdickiekg
93,1721738627000,false,4GAUBTuCS1EfQbGpeFHKyI,dlindellbj
94,1707208718000,true,5CjwXdq5Z73Va0XCPFG5Aq,hdevita3o
95,1704190333000,true,6SRWhUJcD2YKahCwHavz3X,swhitakerdo
96,1702883300000,true,2jPtg8iyyLNPWwcRR82TMX,mhospital89
97,1713985948000,true,4hv9mEWi4911k1uhU4fPEH,icammoile9t
98,1719712192000,true,3Wgg2Se9D2QL9I3oR8GUy8,nmucklow7v
99,1723677941000,true,78zc6DT7A2ccehmIqef9mT,hchristoffe1i
100,1716573645000,false,2eAhVprzLy0aTURlyKmhGJ,hgarteryal
101,1715056213000,false,1KIsdGVK3XfhHqBLsBbEd0,vtottlekj
102,1706888315000,false,48qAOahd28j6zuPAWSLZ4K,dduganmz
103,1712375559000,false,3jMeoTAxDrZfkVxMmWcWCg,fcraxfordpx
104,1725793599000,false,6yOuv7c2kicYVzHRCYtWbJ,ntrunkfieldhe
105,1704413767000,true,3YBZIN3rekqsKxbJc9FZko,mattrillm3
106,1721806043000,true,5RkJMrhW5aU2zMuJcZUNmh,jpattyl5
107,1707433437000,false,0WklCZ01mBTUu5KxC89sX5,tmaccullochd
108,1711976343000,false,4kIpBfvK44bxqX7zo8K1oP,kmacquaker5b
109,1723949686000,false,0SsYlkXxZ5vkWOTsKxMfMz,npoulneyqk
110,1723674328000,true,2CvqA0HXoBk46epUacjLaB,tnorledgefd
111,1705999816000,false,6dzakmFby6NWEawFvJYY2O,afremantleoe
112,1707478631000,true,6AgREmqB7Nd8wPk4hpuQfX,ftillard5m
113,1715467893000,true,3IEG65Fi7Zm8cQEEG3uJ4H,logrady7j
114,1701143620000,false,2YEJOWamgXodaQRTfBXb00,dearthfieldl3
115,1708976271000,true,7uYQELhe7g6QLIzZDOlhbW,dduganmz
116,1712880751000,false,6Xve7pWqzW6CQV8mlXzpBe,akeyesga
117,1707343203000,true,39xU2D7t9LWs9EueUtC48K,rgirogettidj
118,1702852382000,false,7aLVYBUwcDsd1XBNrBj4ko,tburles9z
119,1715159265000,true,5fN6GTHOitOSazlodWJbAB,cdellenbrokeres
120,1709888931000,false,5SEcSx7GCPT6G5AYZykRil,mblackabyke
121,1728908505000,false,4ZeyeIp4Z70ABR7Gi7iXKP,tnancarrow4z
122,1711343019000,false,2EnNzwYRvxU9vnTWq0dXWu,tworhammj
123,1723602036000,false,4kwavu3Xx8w8H9bYskAfXa,lhuertasek
124,1700083708000,false,3Kewh0OrRqBT6HJWKskh69,tchiezejk
125,1715343844000,true,7McRVtvgKV4SQUCyjRETRm,kdudbridgelr
126,1701196913000,false,1HDRZj5rg796Vhl6iZwHok,vtottlekj
127,1720526820000,false,680mH0Y34aTe5tH7kJduuk,bfindlowjs
128,1702055037000,false,5Xjcst6Rle74VteHx0zczO,ldiggar2q
129,1702112161000,true,0FoBLDicgJ05xqJX6Zn4JB,eeliyahuly
130,1729107548000,true,4OfE7tj2tVdSR1AfgJmshm,tmcgifford6s
131,1707242901000,true,5EndcDV7pcbLO4jE2GBZwC,pkeesmand9
132,1714111773000,false,5yPXV3mU7D7EDH4XEcY361,dfawdry8y
133,1729577897000,true,5BjLrtI4u8dJFSeUXroYe5,mgreeve3y
134,1713605071000,false,3nkNrEKyBeC6zoNiCMYmQQ,amcdellbt
135,1715482323000,true,6pEDBhIR7lfZtLavkKsojN,gcolleckk4
136,1710690731000,false,03y588fdYq8Ez7QOsfRzuB,itewelsonar
137,1718801873000,false,6B3pkcohl0wDYCYuVHSOgG,tewingda
138,1700977161000,false,29pPn3HgQQyKMuQrk2s0cq,dkeetinggt
139,1706708568000,false,0txUMkaN3gbwv4RlEwqzl5,astrick3n
140,1716283579000,false,05XoZNL3OMdegGO0SnrHWD,zyaneler7
141,1701890195000,false,7gNrb2mlgG1h0DHpoDQCxT,vgriswoodhh
142,1709063470000,true,074KvviVazl0ksA7o9aOzy,gtrousdelliu
143,1704374872000,true,7zk30nOIKq22B8KepYdQyW,rhisemanoc
144,1721750220000,true,6hpxFeXdcn1cvjtxXc7NSD,cfansycq
145,1725660538000,false,5wDpw1yz3OHWTmb4GfdXaa,cfronks8
146,1704592531000,false,5CvN2ry4gEfttAuCAS1JFs,lkermono
147,1710356775000,false,4QwWiSJkCeGx99JDAroYHW,bmccawel
148,1715364094000,false,5tHoLQiFtgJLLSsRIS2YqK,awrathmellr3
149,1701254628000,false,5C1AnMWO7cmmLAxOODICmv,pdagnanni
150,1713717156000,true,6IQOUBGZxRPepRn5qqsgMf,givanchinib
151,1701643605000,false,44bP2lLCp3MCrE1EG0z5Fk,jrodmaneg
152,1706177966000,true,2eZnuULywhhLeWaYPFrJqC,lshorbrookog
153,1710810094000,false,3uoozQ77UjBn4os2UnNMSb,anutterbn
154,1705600695000,true,0y1QJc3SJVPKJ1OvFmFqe6,lsweatingql
155,1726185975000,true,45OX2jjEw1l7lOFJfDP9fv,sexalliv
156,1718236313000,true,188hS38eydh94oO6rjiB81,csine1m
157,1704461459000,false,2uytykBrV2v4y7QagHcOI3,pritchie1j
158,1698480424000,true,35BIhZtcbYdYtVJz7tVbrG,ralps1p
159,1699494297000,false,6FEzQUEpx2SoMehYWVtZln,yjosephoffag
160,1699252898000,false,13R83fXONYeyPi3LAigRzz,dhannabus50
161,1709907731000,false,1MGvSryQcSR7zsNG4lQOjN,npoulneyqk
162,1700678038000,false,4p9SOwpTjZJq0xYf0j0xOp,ehartzogde
163,1715129496000,true,1XnUkldrYrYn68mad5UYq0,fduffittrm
164,1725604284000,false,29ukJUTq3fohjww90fp9mk,tarnouto3
165,1699675555000,true,0zzRxtfO5FGxKdqq4OKmlw,dblayd6g
166,1698837078000,true,1NGjMdwfetEiNK3qn8TyGD,dschapiro3x
167,1718267364000,false,6eshn81GQPqBfv7TEOyoTI,mtootellnc
168,1715918853000,false,7p8vwbbf9sMQbrdQrsmTlI,lpumphreyfn
169,1728605897000,false,4oyrutD0AbRMNxrwU8IKSJ,bbonnesen5g
170,1714168658000,true,55phpQC9GSHQ7fAagLh4I7,ieatherton4p
171,1728970198000,false,2ozeCscFSmHW7FKLSTJlA4,mjoontjesae
172,1724473295000,true,7gRDHPshgyWsrVUgSZAo6A,chatterslayr1
173,1723261368000,false,1U6LYBh6HZXaaQu3QJlDLm,mcalam7f
174,1698508898000,false,3kf1szCyFSTEWWNNeSMLRz,eavon47
175,1717055880000,false,0S3gpZzlT9Hb7CCSV2owX7,dforgeix
176,1726516574000,false,5Qd8V1vtbxkx7txNXtKiUW,kcanedoja
177,1708023709000,true,605F0nqGa8zFsGbC1ePsxS,bsalmonfj
178,1728986489000,true,08a3StAjIV2J1BbbqSOyKa,nredwallf4
179,1711346599000,true,3hgESJrxlX103Q78BrEAfr,etowlbe
180,1717849436000,true,0oz9ITtPIt3iI1nzdVX9L2,dwhyborneb8
181,1702104258000,true,2i4rLDS0cR77blmqqPybve,cnekrewsac
182,1720560953000,true,6c12fBpCtuVIq8OFxT0A3S,lsmaridgefi
183,1701054197000,true,2xHmqy3QJoSL9iOdk9otWT,dwylam60
184,1728274852000,true,3GYlQmwfBDo7imFyGPhrl7,lswitlandbu
185,1721746850000,true,2tJ7za5twWTMD0AybuwsOf,elamkinro
186,1722138242000,true,5CCyKw0w72mueGAfyQecGK,stumasianrp
187,1714287136000,true,6LIFtIdsUIqXshMNryReHQ,mhazeldenop
188,1713339830000,true,6szDk6GLuxosArjs48QzFq,ppridmoremn
189,1711763473000,false,2O6X9nPVVQSefg3xOQAo5u,hegletoncy
190,1724217453000,false,7k9AmZW468oEmybcAkPzNq,tmcturleyef
191,1726216737000,false,0ut6MoPysgNdUVwaHBFk6h,sprimakap
192,1706649566000,false,12gp9XggBAImRaqz7ASv9u,cmacgraith27
193,1710913541000,true,2g41URehQmA6xNrf0tsmKt,fbottle33
194,1713139038000,true,4fZLiQ6fJSYSYcOZODiCPc,gfittes7u
195,1711890622000,true,3R2TM0Vwj3nt2uYsBqbU2u,smcerlainehy
196,1718105030000,true,0qUDIt2DaX3CNf9xWR9xIH,reyer67
197,1701421883000,false,5ol1YlrXJABoBwbZ4tNfQt,rcranna1n
198,1705836074000,true,6VpGZH7B0CXQYGdMyUyuwM,dedgarpp
199,1709868563000,false,2iatXu415rxIRAQJ9dXWi5,gburth7r
200,1720919243000,false,7fexNKLsrGjA5aFXu6nzpO,kdaveridge8e
201,1712869579000,false,1RPoSlvUKKilCL1p6Xtfew,rnovacek2g
202,1724121143000,false,50LbLRHQ0UzMOmQGRttH4Q,jginnety5y
203,1699753540000,false,45wzRgkkG5gjuYS3OkFWaI,fokkergm
204,1714997068000,false,768YXI2ASL6gI6HsKjOD2h,ldrummondou
205,1715583678000,true,3I6fpot5ZS5H5T5YDB67rQ,cfolkesj6
206,1720030370000,false,7c99nCB4ie0DBMLyPGajfe,lyeatesh7
207,1705491430000,true,4BJyt25nburVwbnESDeIc7,lwinterson4u
208,1712204906000,false,3KcJEOyaLDLAERlOCBhmPA,djonsone5
209,1702626631000,true,5aHjmaVU5KmXiydGcZJ23v,eisakoved
210,1727016388000,false,4tOREdQQk5unR9QMdyvwM7,pdagnanni
211,1718145007000,true,3kr9Ok89KUZsSi5jxC0rUw,mpitchfordng
212,1713492411000,true,373tx0f1dUm6FPzgKJBPap,cstratz4g
213,1712212185000,false,7zhGGe03gWqlrZgE2n8qEf,sgilleson7s
214,1718412299000,false,1aIDmi7GhfDSVGzsPH3cV4,dtolfreyih
215,1714280067000,false,5F1RN302y70siTAEu9oo0a,rmatthewsonfc
216,1726090492000,true,2t4e1PmLoBC2Cavr8mWEcc,isavil2n
217,1705673516000,false,2bsF8h0aj0bgLSgG2FwdeU,vourryhp
218,1702532820000,true,4N2yjawma1TdAtBcqLvend,mpic9k
219,1711640887000,false,6A5oTjzozwG89lc3lAn0iU,bupham7c
220,1704865100000,true,2c5RmBHhMuSFjYt3UkHhKr,nbeckmanni
221,1722525519000,true,4cLolZKStMBvTnSJnmTv4w,ojosilevicha9
222,1727629273000,false,7aTsbBoGoSNy0r8yXncVFR,wcollycv
223,1716230591000,false,3ZdGKlRg1491PKPFkAEBph,mhanmore1x
224,1711757913000,true,0agHpsWGjkeJ47PS151Xls,hjoffenp
225,1702921364000,true,3QO2QeKbBQgx1ZTezCThPX,kmanske8g
226,1722553181000,true,1yXOiLikkgT70ND5Sj9Ov7,laskey8p
227,1725320840000,true,3saccK6q2C3CZDUdgYYOlL,lzanetello4y
228,1706982367000,true,2tH28YyKYOldxhuBHoI79M,nconeron28
229,1717411147000,false,2uj4OmcJ0wrd6Pdqb0HEzz,afremantleoe
230,1714511624000,true,767jlLLi9u3ry47yhptwxT,adunseathlk
231,1712011446000,false,46nDtZsKBCeDDs4lTJqHi1,cgiggieko
232,1700258862000,true,4SpPoKDzu2pzMj0bR638YZ,bpashbee5t
233,1725894292000,true,6T1071kNui4EUABJp4Dciq,adeevesan
234,1721815099000,true,1aeSH6HtIxdHY9LafFRCfE,tbraunfeldhl
235,1710188196000,true,5BLXWjtErKV3De7MOtomI6,zpimerqp
236,1698877081000,false,5zZt5BzzSrUXwytlRatvc2,logrady7j
237,1704076386000,false,4koI6zjRUmGuCZX4FyjXOJ,bpountneyo7
238,1721135551000,true,0DK6khT5rqnSpIeii74Reh,kwieldey
239,1707422979000,false,7tnE9vy6FCRtbZql5E3k9a,bwhimperdc
240,1728719047000,true,5k4CkBwvnK64XeEBCCOjxe,godulchontaq4
241,1702015354000,false,2wfHc3wJjCeaaB78MlIJ2i,jsmeadmr
242,1717786189000,false,1BpMzIbVYhLfXTQe7ob2sY,ddinegesc2
243,1705055159000,true,2otrHueeivwkYxKgwRvRoo,mdorning4f
244,1716274940000,true,7AXYGFiJn1DJI17AEhZ8LR,kdebruijnl0
245,1708357212000,false,0b9e8puk2zpi4ioDPWg5yx,mkiltyg1
246,1700052980000,true,1VIKeFnJSLronC2dAyTYbI,ngroundwaterg2
247,1728362576000,false,6aMsS8u7LOBRUX7nPSDFWx,hdevita3o
248,1708160805000,false,7hQAxslFR1rqimWs7f2sKl,tkreutzerc0
249,1722562893000,false,0cbIdcgTnbAxRjAwTAiOYK,kalenichicovkn
250,1725940677000,false,68FoCsZDzesgt2jlmvpFdM,fsauniere8d
251,1698369603000,true,5DVo3T3DUvDGY2jjIjkpwl,lclemesqe
252,1723479691000,false,06WUUNf7q18NZfjIsQFsfa,jrodmaneg
253,1724665603000,false,3YOrnXmf2KZEGeLsJyBt9C,tvirgos
254,1726519217000,true,5RpPJ33vSmXAobdyruFXpv,pbudibent21
255,1703806844000,true,7ykUwTfJNMCpASAb5Ph7np,anutterbn
256,1706730807000,true,5mvAPEp2FA2myWJAE1FYt3,vgriswoodhh
257,1716743243000,true,2gxgKqVtZA1FjR4bkAtRRF,adavidsohn6f
258,1724745926000,true,1rsrri33ctr7nDU4Clf1qm,jhanny1h
259,1713406231000,false,45UIO7DRXlXeeROU8F1AKl,gsagerfo
260,1724026384000,false,6a2LtHG5EH3GSjkkFVFFNK,cwishkaro1
261,1722240714000,true,0lp3u9nJusd5l8aKPAWELl,rkalf9e
262,1702187670000,false,7Lhg4PKia0fKjv7A9jDHBk,jantoniutti2k
263,1711989247000,false,7cQOFgyeKSTBV4IqMHB0DH,akristof20
264,1709107095000,true,7LejqLHI6ukgbfhcr2Mq2h,tmcaneny7k
265,1699940023000,true,0FkloQbDAl1xjM1UC2jBIN,jyoungefq
266,1710641135000,true,75UIkJQJMf1piBSbQ3JXIL,tmcauslenec4
267,1699825830000,false,29KHMaejJLd64hc2FBfdSo,bheifer6z
268,1729386006000,false,01r12WnaCIHNvqYvkn35rg,tseabornerg
269,1703736567000,true,6N47H7GFm8SBwdJMkS9sqj,ggummerld
270,1719280277000,true,2p4wwhk7JRXnyyHdCepUbC,nstoditpt
271,1729097378000,true,0VpsdxNjxNv7p2we6gp2Ws,mridgerrr
272,1706708957000,true,6A6mDExVoAEJmc5JyVSQeK,mkochs7g
273,1702341188000,true,1JPKOVCKWlmJo2oHhR93GA,rkillick12
274,1729061513000,true,6iILC7oksyqOzMASAFC7t0,nbeckmanni
275,1698437430000,true,1jfZf5wW8zHz9PEVjmYO4c,gnuccii3h
276,1709410427000,false,5VJQr2EMdzXZFjvInyp4AC,spresnail93
277,1702687111000,true,75EwJD41YoOueHc1KsVcVt,jgrzesiewiczlt
278,1711090190000,true,6AzV5YxcKVbua67oGQJPVN,ncosynsob
279,1711725234000,true,5ur8gFEWAsOibwjhYBmpfG,treveleyr
280,1703023009000,false,3QI2FbgxMG42vJjqNEHOP3,crillettmo
281,1721869874000,true,3sFye3qcHM7mJXwrIwfvj6,rmanthorpe7n
282,1718204677000,false,0z3GqMEEhZ2gqoGVNNYlC6,lbrenstuhl52
283,1706757204000,false,2T6rMXWYc934IWMudx1H1X,bmccawel
284,1704379525000,false,6eYKJw3osFDx1xhkid1oBg,tburles9z
285,1707525649000,true,58Q3bM45iawA7RaPJY5c3S,jnisot85
286,1726723178000,false,6DnInlIu2uWxRpbRUNifLb,dwhyborneb8
287,1704282796000,false,60GTOisUSdUksjMzq17XvO,lwomack5j
288,1727912811000,true,2FoRvrNWBtrJiSgIjmivKG,cfolkesj6
289,1719699482000,true,5CteVMD0U8C9WbAWvrNgkN,aguislinri
290,1708027045000,true,4uoF7cX5NXaj1K4FuNROhB,rkalf9e
291,1711033662000,true,6RIK8eTzpOPgd1gGkGAh08,fwixey4n
292,1718666153000,true,1Y5YQi8UfL3an5UKLZ6MVl,mhannentez
293,1701847198000,true,5vbFDDuHmTqHR8tGxiipf2,sfutty4b
294,1707044580000,true,3Te9Xd6Xe9VlNYShcOthTV,skeigqg
295,1709248925000,false,3jMH51YX9UQ6yKKeZBLhiB,hdegoweic
296,1708770371000,false,7KD3tcik1xG3zDLpcy1dvP,wiannem7
297,1715306004000,true,5bevVJ1zMWutZ3rQulAp62,dstarkingsl2
298,1727284487000,true,5QFQoIoRVAaAIBd1du2HIx,oyokelmankx
299,1712306674000,false,3RIYWuMEasEhXVNx722ZOC,ddinegesc2
300,1705409285000,false,46um7Q8vUyuEjeUqzxZ18l,caddington4e
301,1725139374000,true,1yegDiVa8d94H07ga1SLOt,rdeleek9f
302,1718484039000,false,66hhxzBA0No9mYn4MqRbJQ,iprendergrast1g
303,1703118392000,true,4TuolvR6umOx58y53a9Vak,tbrusbye6
304,1709181643000,true,5YSYkE4AD6KBL7mz5qKuFc,odix1l
305,1723737136000,true,5vyuPHvUj2G2SmuDFthtmj,hjoffenp
306,1700502248000,true,21u2gUlh5Iun4ogGGqKVum,thousecrafteb
307,1706670102000,false,2vXZbRbVg3ldnMQIbtqF7L,zcavy2x
308,1714016709000,false,1lZzyOyH9LSAWFjHKz9TT2,lhuertasek
309,1719994475000,true,3fOkhpPPYDD5sydEM1a2uV,wcollycv
310,1701918463000,true,3JBxa7RgpzPuY2Tsp8OH9F,mchaundyh8
311,1705412073000,true,4G4roDhhyAtEw7rGQkiHzi,mpitchfordng
312,1703612124000,false,7z6qHGEKxRtwtYym2epV7l,bgisbyr4
313,1727884464000,true,4MnA4DRfswvZjJXcplU8jB,kbentalle9
314,1729598308000,true,0CGkdIKWvQsgr3zM25jNa8,msabattiera7
315,1721100680000,true,6VunvsYJWXbbG65RyeY9Ng,idavidovic2f
316,1726147906000,false,0UY4FvG4f9JI6kBR1BlWrZ,gwoliter7q
317,1725095544000,false,0O0q3mDpIZH1BJXBEH5ad8,laggusat
318,1721764257000,true,3Fr1WmziIKmhU9s5fNKZrQ,khostenf9
319,1725494777000,true,0QClTV1SGxUicck7KqG6sE,sbuschm9
320,1706495218000,false,1fOkmYW3ZFkkjIdOZSf596,crillettmo
321,1709702859000,false,0vbgxkcDTMYqURoBGF4RNp,gmardyrj
322,1723345454000,false,0eal3cEeHVC9UqEaW6OoIc,tmcgahya1
323,1717085581000,true,4CpZ0tluVXhe13GEPPzIdg,elerwilla4
324,1722343519000,false,3IRGxNmwXy8aLIga8H8jYL,ahembryr6
325,1701428191000,false,3WERezDCiZxIDfghCax9uJ,bniesslx
326,1715169834000,true,2Y6UTWgrRMDoR8BlbGzHjU,amandre46
327,1701754765000,true,3rdHAJ7TJtOqIiROGyeNIk,nplaskettrn
328,1708444618000,false,4i7mcbkECX4kqRvfjbBGQz,mlagesdn
329,1704620274000,false,5VvrGaTMaysRLVbkcUfel3,gmccritichie4h
330,1699609702000,false,1hW3ryc70LqbGs6USpIW4K,cdevonish1o
331,1708952521000,false,6qX9s2t4Oyzz9tkobd2Kxd,jboarderei
332,1702388455000,true,1GPRgnSUZcUe6xWG1fJwwy,eisakoved
333,1712961809000,false,6Byh2m5om63yZL35VrP0CF,hnewhamon
334,1708185245000,false,0Z9J2O5kjOoZi53ZB8krgJ,rhelwigab
335,1729410208000,true,4LB264fAdV4BPK99w4UMxl,wfelderer32
336,1722218176000,false,1LdttgZlLIgiKXqGciYjQt,vourryhp
337,1715146460000,false,4t2lPMOLcSRgbI2fZ7iYve,anutterbn
338,1710544024000,true,4A9O9e4iTm4bYnOPSzWaGb,tboyfield1d
339,1699326392000,false,456xBIOmLRoLzCvCzZrWge,fsebright2p
340,1701363265000,false,7fVXvGVuU3deZVmMAVz8Gz,bdunbobbinad
341,1699704978000,true,3nO4DXUbCrJo5u6HVwNvcw,tewingda
342,1710483310000,false,0xYP7bTGK7N3F3P8y8harU,tdartonhs
343,1700411037000,false,120Tni2Xm0XoIvGt0o8NYD,mgreeve3y
344,1722792200000,false,4Duyg2MpEmHSLqxTvvgQ26,godulchontaq4
345,1722222278000,false,6FWjkgQnnOV4LvLykqbbCo,tjessard6m
346,1719142122000,true,5GfsfvAcIuMExaQMkx7BFy,wriggeard5k
347,1717589098000,false,3WiNDSH9rghaEauIVOTXoQ,abrayf1
348,1723692698000,false,5AcdaSVQfLcUKMaqchfBie,bbonnesen5g
349,1728918042000,true,2p7i9qV8ciRIwoAVOmakQu,hlochriehn
350,1702237781000,true,1yFoKElHn8RPdENp7mYkyN,klinneyir
351,1701529872000,true,0ocyurmXrd4E0lXHtbOlPA,hgarteryal
352,1704798428000,true,0tNLlw94DIrCECnp0dSUUz,acarlino2y
353,1704574324000,false,7bd2bGsP42oajejeGHnHJK,wwiskarhr
354,1717542727000,false,0d27ucFjvcG6PY6q6lL2c5,elawn23
355,1699655988000,false,5dIz2Q54yzcvyiXHRnvj4C,ereddoch9h
356,1717280192000,true,7o2E6zgNldxmwDRVbPDZUj,ereadshaw3a
357,1713669894000,false,7lb9nshCN6cz4gYCjiRg6J,cmassotpw
358,1729185570000,false,7AslBsiVLQAGrmFmi79ZeK,fcraxfordpx
359,1706263061000,false,2toY6JyyfKy9TwNk3Ou2XG,wfenlonfm
360,1719286620000,false,0pOTSxN5XLKvkFGkJHo4Ff,mraisbeckmw
361,1719404676000,false,5qDi4Kv0CZinm0K2KvaXXU,lhuckettq1
362,1721903598000,true,0W6fvaFnquHyqtF2Y7VzRM,vsawtelln3
363,1722698546000,false,4rMDmLfDYo0cWZjNSabgwy,rcranna1n
364,1721370697000,true,1pxnrGFj1ZqwlNNm4aJkfb,mblackabyke
365,1727640774000,false,3Io1DSreSHB4RwoS1J8cIQ,rketch1u
366,1719167403000,false,1dWnVKDsE1uRpu87RLF0G4,egreenshieldsa8
367,1716496702000,false,0QSeDxtLfvZDha1gZ9Ft32,mlincey2d
368,1728491367000,true,1HWCsWQ7NPjPuw8MdNnR9e,tadaoaq
369,1704321866000,false,0bkcr8UFZ9MdEeJYnpCH6S,ffarnie55
370,1715745717000,false,28KKvFNDjBSUFNSxsdlBzw,kmallebone1b
371,1714414658000,true,4s745NgYuKpZpgcC4SS91y,hlancley7y
372,1706833965000,true,3ockJpKj4llmuVBedAqjhf,ehartzogde
373,1700320491000,false,1w4606WzxPXiliL2MxcPy8,sieldenq
374,1714757038000,false,6VfKN3j3Cqb7nMWZPIX3bJ,meytonhk
375,1715320578000,true,0Jyn2SgnPMaqlrDkxCDvu1,wmaren97
376,1711116792000,false,7pAJpRluN4pLbHworvh0Px,kalenichicovkn
377,1704911448000,true,5bpYgo2ytqJteO5aOLuW1H,tmaccullochd
378,1724741099000,false,3Q7ps56omB24P5ClK5Thhv,laskey8p
379,1707473010000,true,6uwTTKMueKBtgMRs1QrKme,hlerwill4a
380,1714714567000,true,4AGtu7sUJLU130YQrq6B1d,jmaruszewskilo
381,1699525033000,true,44BsTP3MwFY22X1YijTcHM,gsillis5c
382,1706228873000,true,2M3E9wbFtqdkSGkhfHikFh,rharringtonrk
383,1704424728000,false,1y5nMCTcIwrpFveTchcSP4,cbarde5w
384,1727402393000,false,2AgIq6Y9w7yvzH3zRyXjtA,rmelbourn3j
385,1725450837000,false,2MLHyLy5z5l5YRp7momlgw,cfaithfullns
386,1723849559000,true,7gPVQZURWJccOXn53QAFeR,tvansonrq
387,1708459594000,false,4nkUSCB0TzsJsipHbr8bl4,gridgewaydi
388,1723530552000,false,3wrTXnKtCu9kZk0lBxtJZj,swalkowski4c
389,1718342411000,true,6DlDP44uP2JCzBLLV4ylup,tredsall6n
390,1727264534000,false,4f82WYUALAnn6l1ZymXEYQ,smcerlainehy
391,1719154436000,true,4I4nMl4625bq5Ziyfu6ciW,pdreyeh2
392,1719822688000,false,2qpj0oaVeNLSycc2XjIctD,lelleng5
393,1700300174000,false,6qOubdq3Nh6XOlz9a0bgVU,lmolder1t
394,1728811409000,false,0CPEvRFKdvpK0veEeY56T6,pputtenc8
395,1700453483000,false,4QPyH4yu9SxdFU17ucbIWE,tmcfadin87
396,1714875614000,true,1vsLKoccuY0NxkRJjZgcMr,acattinia5
397,1716225537000,true,4VFWvbMMb23ixVFEc6edX0,chiersaa
398,1710685320000,false,5m62bM6EN1ysBb3nnedLBR,gduguidqx
399,1715065252000,true,3ine8Q5EZw5pGDhQkxqqvm,skinnond3
400,1711721981000,false,2D2mkrVLZA1OYCCZfbH0ik,qkemingco
401,1701626021000,false,1SmH3Jv3V73B8vPb3p0N3M,hlancley7y
402,1715588334000,true,4eAWt9AjcjdNk1L2uIhFCT,hbassinghamkr
403,1708895452000,false,56k2ztFw7hQRzDeoe80pJo,mattrillm3
404,1728146242000,false,3JWCfXhZE8tR6DAn7bQZdj,jboarderei
405,1719731979000,true,3jRmcAEx2MruyBYjaOwc51,dsheratonox
406,1705848181000,false,4ZvWUYxTlbpVGfuIYHqmlL,rmanthorpe7n
407,1699613452000,true,7l9HIihZ6ktmmYUCRv5fr8,charrisjc
408,1718379767000,true,59eCy91JDrnpbPLF3T3L03,bwillisgl
409,1729034782000,true,0caFvsrnGwE9dIq18zAGtt,tjessard6m
410,1702699992000,false,4rsekiMvUmDRKbpftl0HAo,rmaberjt
411,1720484404000,true,4SOtTsuFYYlkOOvXMbroUv,dnorssister9x
412,1712051817000,true,57ECsM5I8Y4Jyyy3AEYW9U,imcorkil3w
413,1701650261000,false,1QGlEQJkixOXsbijKqNTDB,dorrissoi
414,1705936570000,false,2LFlk7Qg0TptlrHcz8yFm4,ppriestland2t
415,1729249002000,true,5Tw688qLFIieMBeD7wnEgw,tworhammj
416,1703856438000,true,1i3TNrkFQvNbLkIJaoPGr2,rharringtonrk
417,1709343282000,false,2xlnkdfSbxXPCHst8O1KNh,imcorkil3w
418,1716914158000,true,4SqWKzw0CbA05TGszDgMlc,eavon47
419,1723482962000,false,0AvzBIlNqctS2uTzM0ebeb,iprendergrast1g
420,1729438114000,false,7DY2nRhvYwOOiOWWqydNvN,wneill7x
421,1701581218000,false,44qlFJkViATx5rjcA9Ame8,wweafer3b
422,1700654897000,true,6Dj0m5QVCJrXgM1N79IYJd,rgalsworthyhx
423,1724421631000,false,6NnewyzybtlYpugv5jNZ8A,sgoede6o
424,1715048252000,false,1Zo0CcJoJiBxwJdUIBVPU1,ghurworthnu
425,1700418894000,false,5LksfXJnrlPbol0SB5CLtS,fokkergm
426,1715273449000,false,0fO7QiLntm2mzedKGCbgwv,dhannabus50
427,1709555248000,false,238gnNF6BNdECfytAVEuM1,btanderkk
428,1711372436000,false,2UsDkGHdQxiivgHhyTDtpd,ppridmoremn
429,1700979102000,false,1CppY4y3oYEv6NIC4w9irf,wstronoughbd
430,1717143323000,false,6ZQcTdTv19DT26dEnI42jx,odeakingx
431,1714610748000,false,0vjPike6L46Gll6M1oclg2,bsalmonfj
432,1725605593000,false,6EfGUQtLk3xVc64tk8ihTL,dearthfieldl3
433,1711151710000,false,1h04XMpzGzmAudoI6VHBgA,lvalentin53
434,1698655421000,false,2Z6PDgrkYCjASnRqWZxf4Y,rsebley7p
435,1710725370000,true,1UHATOi2uLeTk3UHKBwR30,lpurslowky
436,1727350475000,false,5AFJu2ztDpjULgkrdM0zVi,wwanlessh5
437,1728188820000,false,2q3LzfknBzye3xXjgiJBjS,hedgettl8
438,1710167786000,false,3SpXpcG603AqfxhJ6l4uzk,adillestoned4
439,1702961827000,true,3DnFqj6qx4xyNTfdaoNI5V,efuenteze2
440,1720656659000,true,62IqCWn5hBF9wKOv0W518z,dcromblehome8a
441,1728245767000,true,1ac1lmMzORX2H1nEywHxKg,bcowlasgs
442,1726601694000,true,0TnxZVgJKNtMfLddp6vvv4,tvansonrq
443,1701710467000,false,2kQvw0jH3JKKWVBccDPK9Y,mverrier1q
444,1699613171000,false,0CRoH35LdopyCPUTMVkbLH,akynastonl6
445,1707235461000,true,5BeOmmGoxAvDus9Ozpc0MI,asans4x
446,1699453685000,false,32VQaz6WHnqEFt4e74P5g8,dpoley8h
447,1699613425000,false,1jJyoWpBdYbstYTJjr2GQb,kperronip6
448,1724337405000,false,0N29rN62Oy0EgWD1U2DuKQ,rwaskett2i
449,1718892671000,false,3nsRqdtxdPQQ9qLWheyr6F,pmathewj3
450,1702466390000,true,6dY6J9njbiFs2g56ry72o3,vskillandersph
451,1726181786000,true,2q2cdTPrbgWSxLFFXjjaoO,fgillottpd
452,1712572562000,true,3ZiAJAJNHauY4tusvCoS0E,dtreleaven3r
453,1700590168000,false,40E77lnPNrVmN6kl8ha8Uu,mmcmarquisb2
454,1704833892000,true,7iICQYCePAFph6eUIgBbOn,khartmannmc
455,1705206924000,true,6PSRe6kgUyuKF28l6WhR1P,hpilmernb
456,1721231226000,false,4AblNv2IZzFJnnifSzb9v5,ifish3e
457,1719707344000,false,2thqF2hKNMubZksfpRvuNF,enern7o
458,1708272416000,true,2FSGUA0gFgGeQdprjtGM2M,ajellnx
459,1706769444000,false,1HJE27oUlGohZL9aYhEtPC,jyoungefq
460,1713052112000,true,0SnvI0twJ1Mnh0rJlBRrf0,cdowney9q
461,1704426330000,false,7BnaUk9XsE7vFb7x93bAbB,wmertel1k
462,1716214794000,true,5tL5OWnOFNgGhRu3frvYGT,raspinwall7d
463,1727023630000,true,3K1aWqKLwMb1z0TtD4zXdG,tginniw
464,1725344104000,false,39zODpVtRvghMyfNjZ3BVK,fblyden6
465,1702190205000,true,4fTn0u6zKUIjTCF0OoQ12R,awikeyqr
466,1728421496000,true,2JhK40HKMjR9fzTXDvOAeV,jboaysi4
467,1704556537000,false,5Jaj6nLjHCizmcPddJLO3k,vofieldy
468,1703938654000,false,5CWfxIAlJTuINAPQTbLTRQ,ievans1e
469,1720977074000,true,3FfdQzQl0oNwgqja5Ef4vH,ddealr8
470,1711254295000,true,59tolr22QPXGEfykN5Y3lD,lshillitoeet
471,1701367528000,false,65TNhKWx6vYIQWkvh5EhNH,adocwract
472,1711367157000,false,5Rwivn8wMEQ6TP6XshXhZq,pputtenc8
473,1725017183000,true,70yCJ541LLy8nHH0VquRKy,gdaborneh
474,1708097599000,false,2x8gjYPcomasunXlQ4gA2i,ehartzogde
475,1706562748000,false,6BZxG29hp5Fms4UU7q9qWR,jbridgenslc
476,1698750416000,true,13CVd8J7Cdgks05wp6Vdgg,ejagelsa2
477,1712223329000,true,0MAjodNUjLlzRw9hd65QiS,djoangv
478,1702822315000,false,7Lf5l4hbjlZIV6iQ3nR0YV,gduguidqx
479,1708788858000,true,48gmTNjtEFROuEWHegOASs,jhanny1h
480,1722731975000,true,06E5KyqnDTueEbdT22FFvM,kmacquaker5b
481,1698466181000,true,0SsQVboirFwfhet6WXUoCk,jbridgenslc
482,1707378365000,false,6PPhdUFoL8aQ6bLGyTFSJU,bkellart9u
483,1718938761000,false,3Ps6rBpWSfXxHnhMlOl3aY,rwaskett2i
484,1725443948000,true,35P2Xal9x3GAdOHytyEUFe,yjosephoffag
485,1707466726000,true,44S8xPZQGvIWonst1gAnWK,ckellandh4
486,1726473134000,true,0I9nwVC6T0YbInKR0P1EQt,tgleavesk2
487,1701322546000,false,3MYUHaITeEQh3WjMkHr67z,esmailspz
488,1724228139000,false,5JpyE359EeMFUxMNlitKqq,rhacquoilgk
489,1714398094000,false,5UY1H04zmALat9j3VF98wO,ereddoch9h
490,1724641698000,true,4UjSqTCpBQVahtVONhLFsy,lzecchetti3g
491,1706377725000,false,3aQ7k1TkEdannB2soLjtJC,egavanfp
492,1722615959000,true,1qK3PwQLV9ptP366QSRdS5,fokkergm
493,1726015818000,true,6gt4crRNZ5Soua4BP52HXv,ygiamuzzogd
494,1724368376000,false,68bGhoS2PXGGNyTSY15E1z,dduffelld8
495,1705880448000,true,6upXAlN0tlTavXMenVWna9,dmintoq2
496,1717957337000,true,0fVFCYmtlOEEA67aS1kL2A,zyaneler7
497,1705206586000,true,2Huc0pVL2qSVn9YD9ylRcz,nbadland74
498,1699936645000,true,26Dme5GkC1yX4P2QU9V6Sk,rmatthewsonfc
499,1698720171000,true,4ABDFuZgqdg9X8Rw02WfYF,stumasianrp
500,1727090844000,true,5XfOuwibC4Ch4RKyYeQ5Dm,wwiskarhr
501,1706269036000,false,0IzROemMokdZ5EuyCoYFlg,bniesslx
502,1699510846000,false,7GsHceaND37bnJPsK7QoPN,fmadsenb1
503,1705078248000,true,5fHovBM24xMRzBESj76O66,jstallwoodjg
504,1709276841000,true,4LUwZxtF980YhwrvxtTeZ7,dleads7t
505,1726335784000,true,61XspFITuKmAlYdQacNCbF,mmcallenlj
506,1705841764000,false,55Cth2NbfIWChuTpHs1kCI,mvose4l
507,1710406584000,false,5oibpY8nzNR2uCPKMzLeK0,udossite0
508,1707250747000,true,7abcm7Q3r2MKCTttMjIZo4,lsmaridgefi
509,1713914228000,false,5bjmBCyGJexqPX5ZE01CXl,pmathewj3
510,1727652176000,true,0yqGaBZ0r4av8o40knrpjz,jbridgenslc
511,1708301101000,false,0yBaqTamVLOh88uqvfkq2c,elerwilla4
512,1716908101000,true,11g9GgpchfORJxVEYFFDoL,pmathewj3
513,1717295666000,false,1vLRvn2oKv4YJTXwIe50Ob,kdeliacf
514,1727894712000,true,3q5Ur1rIlB8NuOY6FbzxJs,bstrelitzkibl
515,1729001462000,false,25Tai90aOlq82BGovSKtw7,jmazzilli5
516,1725157152000,true,58kMt9txLUoQxfpMJUaHrW,gstallen1c
517,1715711244000,false,47ksZ1E7i2q5ptirD0E86H,jmacypb
518,1701522109000,true,2zpIU1OroZ3mUzrnYqoLBa,sstickneycb
519,1712584959000,true,7p2PmcaQexuWvnaHSISBAp,wfenlonfm
520,1722283428000,true,5dqWZZQmtkuQtwbumKVdA7,jmaruszewskilo
521,1708213421000,true,7ev8xzr0bBDalMZAhhC6ZK,khostenf9
522,1717691791000,false,4JC9oW25aChBHuzlillvkh,szanettifx
523,1705100727000,true,3eMXjRo2in703wNBZVEliG,gbabinp9
524,1718843133000,false,2ECr7MC3NQ0VNgtnVUwf6y,bantyukhin1a
525,1717217026000,true,3s8Le4UOKf7DOh1u2AGKyA,skemellhm
526,1718675401000,false,76MNbhycc2ZhqeCxAVx4Wj,qkemingco
527,1720864323000,true,2JpP6bBwQGtwAf3CkE46NY,cciobutaruia
528,1718594605000,false,5ERy3qFaMBMoupgnvKhD8y,pmickancz
529,1703239901000,false,2Yp908wLKAQmSiYYVS6i9r,mblakelykl
530,1708128818000,false,5mSJyWjbBeQzJlfaRmZAIN,ggummerld
531,1702289914000,false,6zbL3qnDbbLhDVS61Qdyc0,bshippard5e
532,1716059316000,true,67BMusU7lw2tEwR9mPiE5m,npoulneyqk
533,1712507131000,true,3XZkpOG9P9fjeYkloAYHJh,eenevoldmx
534,1701751795000,false,4SuBaJVPJ0ttWJBoKwswWX,bpashbee5t
535,1723198682000,false,4ezCayon5X4bTBj6ztNlDH,bhaddintonh6
536,1728870578000,false,0Ybn1UqzLl4pfOZlsyR6Ew,jnisot85
537,1711630589000,true,2EkGF5wYi3QrxTMMQftm4a,ahembryr6
538,1717063996000,false,7HYJqAMbKDJYRyEfUGOCBB,ievans1e
539,1713729100000,true,29CYvexuGcjWiifRIKmdxt,tboyfield1d
540,1727254056000,false,4vUDCPyk0Jc062A4nxzmc8,kcausley3u
541,1722474871000,false,3fvKOAGCbNmq1rce4tvIQV,cszabo2h
542,1726021197000,false,5IJbTPhcj0IjdzUaYqwe2I,gjoe9g
543,1721513393000,true,3zP5YjSNerYwsj5KjM3Ffg,pmccaughen1w
544,1701330889000,false,61tbjHBiaY9S95pDMYm4Wb,dbeterissig
545,1714090049000,true,2gBefHZUvwnZBSRNIxHiKY,mattrillm3
546,1728162288000,true,6DZY2OZESH70R3zg49Asbf,fhuguesha
547,1722435413000,false,68RveqIjrkOeBbEGL67GgA,gmccritichie4h
548,1712739548000,true,2CgXyaryyuxl35iMlvanD8,cklejinqu
549,1704029164000,true,5C5TS7hQesbPAcWjX8av8z,bfindlowjs
550,1714875654000,true,15l005yAnqcVKO0u4k0lGe,ereadshaw3a
551,1702495871000,true,3EUINDmmFZJ66Jgk8nfwIy,hdevita3o
552,1713140427000,false,23bpCCVsTUKviTEfoy4tbM,tbrusbye6
553,1708346339000,true,7LsTKjKPF4sjIa2klNBw4C,tkreutzerc0
554,1710389102000,false,54b8qPFqYqIndfdxiLApea,nshermoren8
555,1716148832000,false,0EYOdF5FCkgOJJla8DI2Md,dclarricoatesmp
556,1714178666000,false,4qxn07sJNAlYKnk4aQp3PF,caldrich6b
557,1718783824000,true,0qAXmTUtBaQsdfUGvT4bIy,sjanikjn
558,1721882280000,true,3n8w0yN61ASRcAMX0TgKWP,ccastlemann9
559,1712052875000,true,4d7n7mUGhi9ss7cXWkS6Yl,hnewhamon
560,1720039550000,false,075znpak3aAnxS9Klwl0Ne,kaucockok
561,1717962398000,false,6MDtS6MzlIzGUjbC1rapa4,dspottiswoodcj
562,1710516204000,true,6TdgEGiJ9hJfo9imnoNYCU,kperronip6
563,1717102959000,false,44KQ5sErX0T8pQEjqylVEL,zpimerqp
564,1702294390000,false,6l1tdg42J1jd5c0dqg5nr0,kfant6q
565,1723248930000,true,393MehrSEiQgRYARQAixkT,bernify
566,1700474767000,true,6CuZdREmOBQGGfRufhcOIm,sbattinc1
567,1708350535000,false,1m1y7mLksFRtM4qjjWPLUO,ftillard5m
568,1704919270000,false,3Gcq5Gzlumu6pQImDYGkmS,fsebright2p
569,1724891663000,true,1nIecoI1sx4ssu9Q0T7dnz,adeevesan
570,1715440779000,false,38kcwx5znepLWCIBID0Bwm,helstobhi
571,1709480373000,false,5FAg3AvTKDEmuckKpkezrn,tkreutzerc0
572,1714199518000,false,2qOm7ukLyHUXWyR4ZWLwxA,rhelwigab
573,1726812524000,true,7x6WmmLi750YvutUqhwrs4,sgoede6o
574,1718125866000,true,5z7ib0Ck1LQjDaXB1v0L31,jcastleqb
575,1723171523000,false,6rk1UifNJO2oKMajBOdETB,uperroneg0
576,1708973283000,false,0MnmtOOke4uQVBMAjIgwVZ,ssodorea
577,1716615484000,false,6mb1MLk4AVWBmMQui5Ykfb,msymmonsmy
578,1720862200000,true,3BIzHNxAQbRTY4LCp1oMR1,pmccaughen1w
579,1721671288000,false,1CwpGpNsBNm6Bp1zYs0px9,rnovacek2g
580,1699259758000,true,0ZZcxfVdAMt4TkyUY5y4eF,gcosbyg8
581,1711386838000,true,2R3k6vftnrEdDquLaRW2NV,sbuschm9
582,1728702583000,false,4ElOmdAX3zA76QoQUeWMUl,nbadland74
583,1727890279000,false,6lYZ5UWuPbXLX357pPONa7,fnoenpc
584,1716963316000,false,18VVHK0tjbcgKWQzM8O5fo,cpeotz51
585,1724677813000,true,6MbrWw8vWgIZvDXR0oqsjK,tmcaneny7k
586,1705151803000,false,2M1bgJpUPjfKhHLIIfzGtX,npoulneyqk
587,1725834727000,true,4MgFEi9BQrLfA6KOwAdk1G,mcalam7f
588,1719762504000,true,0dAfw35k2hBsnbSl74AVJF,bmogerd1
589,1711822726000,false,1q4E5vCJFNivKDuqm6U9em,knawtongo
590,1705556576000,true,6dUGQzqCA18wKzVuiGttJF,slairdcraig4o
591,1698219341000,true,1KNi6PNEbQYnkxmqeschok,jhanny1h
592,1713346232000,false,1S7ca5mJlpHn7GCE88jejz,helstobhi
593,1714875777000,true,493Gp8GQJHDtfGyUKvihrF,jhanny1h
594,1723045345000,true,0rMBAlhS6GMaeOauCk1aeP,mschutzeej
595,1719331775000,false,7zKj4cpsxjGj9otlIAFCQI,mstarmer54
596,1699312072000,false,6JYaZt5tM1YG8LhlYlyIkc,kbeverstockex
597,1704139109000,false,0epjVLd3f3OyakaGCbeOiH,acarlino2y
598,1722447919000,false,3agwfSmVD5JgExEwLDPjGz,mkayspk
599,1713185583000,true,6xW2g0c5uSoa3S6xk9eI4j,mdorning4f
600,1704339422000,false,0x5TiIRvtUWsomumh9s67l,ssprittgg
601,1724587697000,true,5b9xPPd5DxPtrpTuxm6TaY,rroomeshf
602,1709477445000,false,7AJ2OCJ1mDnOLW0NnJwqfU,adovestonqm
603,1727099691000,false,0tUS0yhInbniwcIUkUviC1,lsiddonsn6
604,1708301621000,false,1mCx32u41MITwQIlYTeZ6x,nfawlteyfb
605,1726185811000,true,6OZq1UCpqjb7hrzoMabtaJ,noaktonn1
606,1728658911000,false,45R5rtT0KYMmqGK2dwnYR4,gcharer48
607,1720027905000,false,4v0JO5a4Xmfa3alW1MwbLV,abedwardnl
608,1704450846000,false,1Ar6FiOnKp8XSaU5g1d7cR,aheintzschg7
609,1722387600000,true,5WnJJjL7wmFe0wQjQKFP8L,bwardropep
610,1715115136000,true,1tn87Abu4ZTptxvpp6Zd8V,slipproseqy
611,1704913272000,false,4Yi3sg4qKOcW9ic91nqMas,ctybalt3k
612,1722818236000,false,70WpP83384wgKixTKbt3Nb,bcaswilldu
613,1723861181000,false,0hXm9zuFNolVGg6UlhbVrT,kmacquaker5b
614,1727466313000,true,4NCdJLed3VyG7C0lu5H9V1,dwerlockjf
615,1716578996000,false,72vGgw2I0BTKCpzmVWRok7,fokkergm
616,1706242994000,true,1wja0kEF3DvlDDHUi060Bk,smanderi7
617,1718908116000,true,2CjnXerL6o6fgsV72yYwBG,godulchontaq4
618,1702990695000,false,1gakI6999vdP3STkGyaO6L,dspottiswoodcj
619,1702109855000,true,4eP7VbswtkGd5Hlyj4E7Qx,cdowney9q
620,1698481007000,true,4oqYqa2YWaSaaz0wG05ulO,hedgettl8
621,1699323398000,false,0CaXasBTOik4qmIiAQsEZK,dduganmz
622,1699596929000,false,0ZYQ8J5CmB7EBnFCWwZfaG,tvirgos
623,1711945481000,false,2koluJQJMBHkhQQ7YNYIGm,mshillingkc
624,1710430532000,false,3nvWvHRoqCGsfGLApJtS5M,mhospital89
625,1705927601000,true,62mo6hlcn33B701x3TVdrH,vgemlettd6
626,1703028389000,false,6HWDLIy67pLWRpUv7lNsp9,djemmett36
627,1722963039000,false,6zke4l646FheM5JlIdu4T8,ereinhardtb4
628,1712078032000,true,2ff0sgVBZ1DYnfdXkW5tkS,cqueenji
629,1701271535000,false,3ywytFNiWrmc59LKpGP6NY,treveleyr
630,1720751824000,true,5aX0PaxXYOgCMkrqgwtSjF,htamesao
631,1707537152000,false,4xExX6cjgFyqKH2YCDCfvy,lgidmanjb
632,1703722466000,false,1cSzOj0rKejx3usFcTwJbi,fcirichq
633,1727610548000,true,4BYYCp48UbtbrOcHpQLg3f,dclarricoatesmp
634,1706038354000,false,1f9lD5VdRIGdSihiIwOFSx,dcromblehome8a
635,1715372781000,true,07aaGuAVr6KEr4ppMVl4yr,khallockk7
636,1704352590000,true,1BzbkoI0867xFsfy1tBwFm,clestrangeh1
637,1699918607000,true,6HNilQX5PZHHTmKDo2BNfI,vtottlekj
638,1702242439000,true,4TBK6E1ERSKdIvD1jF4lt5,sstammlernk
639,1702324042000,false,4pNrzEQ2xpovQrPWqbSl0N,jomoylaneba
640,1709530559000,true,7EL3MPsCAeawyvb9uMD8Jk,rkimmons29
641,1719751831000,true,5GjvXn7LnDY97RNcWyxqlq,greimersj9
642,1706799456000,false,36apgR5VMBXhqeeZoC7kf4,nerrichellifr
643,1711045990000,false,2KMnYrwK2TXL7Iy6nxeCSA,dcromblehome8a
644,1700706726000,false,0TxD3HD4pAqdl7Ov8u0ecz,gsandeson6y
645,1707421797000,true,2Ih217RCGAmyQR68Nn7Cqo,parchdeaconfa
646,1725443730000,false,5RubKOuDoPn5Kj5TLVxSxY,kosmarn7
647,1726693396000,false,6SdW1PtDQZ06dumP6KUjJT,vbrashaw8x
648,1705126566000,true,1xddmaN7Ivc2SQ940oBskZ,probbingspj
649,1715843644000,true,6x2497wWaSlpPeLYzTuPuP,peverissow
650,1723681531000,true,2Z8pmYcd1bMHcED7SKYM0e,jthurbyf2
651,1710637060000,false,0adOv7C57abcznr40leSHx,kgoodburnli
652,1703951965000,true,04bqn2Y1X2ext2SzluMnLo,vpettyfarp8
653,1711802016000,false,2Cdr8ZGc9vhBAZvsmftjZK,dhughesdonc5
654,1727002690000,false,5XeFesFbtLpXzIVDNQP22n,wriggeard5k
655,1718646805000,true,3uOh60vBloFwAv1akxP5Mj,gneedsz
656,1712025428000,true,47VEW1aJJAkwaZc2g6Bait,djoderl
657,1725536518000,true,20O8KGqLW4GCw7ZvVHmr4s,cdadds3s
658,1726460795000,true,2zsBzaQiHi7oaOCVpYBUxN,jlowdianepg
659,1720074388000,false,3QAxGU5rQVhTsPYVuRBpIM,adeevesan
660,1717917699000,false,11lyphZdXm5yTPERX5lT8h,iruddin7i
661,1715404434000,true,0gE82OlIvoMUdKi0DDl6WL,pkibelk0
662,1728949182000,false,3HYsldPuR1FSOfxcKjwAvv,nevem2
663,1713332632000,true,7bPzk1B12yFWpnbzZIQGhm,dblayd6g
664,1725706254000,false,1cADd4hbtfYDFesyH8i1eB,fduffittrm
665,1698257929000,false,4FwDRTQdk1FmiVTCLLeeKn,jmcteggart9a
666,1724052790000,false,19JzJOMs4wkuKxY8WEOMea,dsomersfg
667,1703912977000,true,27vY7dt2eQPL6Nhsy7CmjA,igrzeskowskioj
668,1725906096000,false,4o1fv1iAZ5wesZKXFQXjMZ,rhisemanoc
669,1713665581000,false,4faZgoxDk9B4Hx653KnQ9j,jbethof3
670,1700586247000,false,3WO8ZBnOtad3xMz46Z54pY,jmaruszewskilo
671,1705387093000,true,67AktkDeihlR1ux2bAmiuN,jbagguleyc3
672,1698058233000,true,4dD8eEf4eBL4MpjUGLXnA7,mvose4l
673,1722707854000,false,61c03vsfswPXqPsf5EhEr6,iruddin7i
674,1711157549000,true,53rjOcc3HVPKvGG5MLYl3O,dedgarpp
675,1728424875000,true,5F6MTsxZ1Q3apVDdkPBGXF,vwitherspoon10
676,1702086327000,true,5tx1rwnQZEm5E2Bf01jGA8,khartmannmc
677,1707893073000,false,5FtemPS1ZEhULQnIN8gmVT,rwishamdf
678,1703584114000,true,671FtednpnMTgU26wryBl6,aciottooo
679,1702828899000,true,6myTigUAh8oKT2iQUNUHIL,bberthomeew
680,1717861350000,true,3cQZfxm4Dd1p8I3BtbQLFI,dmillward72
681,1714940135000,false,3TYHjkemsiUrkyQcoPYW7g,dclarricoatesmp
682,1713428958000,false,77Sbw4UK1eQvkzDWoge03I,jburnescu
683,1704768394000,false,4OWEh8BKayUhgzqbA2YS10,bwellbankeo
684,1713275017000,true,5AwPKmL7iKaHJkvUNliiUn,dwoollendsaf
685,1703705347000,true,2YEsPVotrCVDNtFDsaIVaj,pscotchmorol
686,1700589261000,true,7GDwYUuvu1qjah9rAH15AH,sstammlernk
687,1718644535000,false,6Da8UAxhDkCPKQmqwpIdZj,jomoylaneba
688,1724355669000,false,2UkoP24VFjCccfeCo8b6v4,lkermono
689,1718012539000,false,3HAzRRDlXJJPySg2r3cRlY,ehawksleemt
690,1718684482000,false,68y3LfXsnJrs0bF9fL9Jvc,khallockk7
691,1698280255000,true,0h3aeIoYceNEwKLnjPHDW4,sandrea8b
692,1717738144000,true,1MshbXeUt8iB4guGXQaU9h,kcanedoja
693,1698479827000,false,3Lb2x1iaJ2Zkt1AnG3nCuO,wwanlessh5
694,1708750703000,false,0JgbOwtxPrAP3rkf9hSacW,adovestonqm
695,1705154398000,false,2QnEeS0SxgJR9RrMGB2dnm,gwoliter7q
696,1720733736000,false,66YEDcrJdUYuvXznH5zrDq,smaidmentij
697,1699547006000,false,19mC6xktT1JyyycK6cQaXA,baldin9j
698,1722689109000,true,4Xybmu6G9wXgIst1eY3XhA,dbeterissig
699,1710379682000,false,2J9yZBKajggHsCmoSiaVCw,dpolon8r
700,1717828163000,false,1O0iUsIwFDt7GyqjOkAHa8,abeinema
701,1709714793000,true,57BWGN3CjOrgBCJd4KDWim,dpolon8r
702,1713291044000,true,1F800CgFr4GsCYs3YkTWV1,gmcettigenf6
703,1722265066000,false,1yT2kfzbl7ImDbbNCy8wqS,sdunmore2l
704,1699698937000,true,5oRxqr6DCdWPSgOHXCpGID,mblaskettmd
705,1716443368000,false,6BQTFJufRXkze62dxHhll1,jbridgenslc
706,1705525904000,true,5Tx2VlERdaXscX7dh0Wteo,gselbachiw
707,1726373880000,false,5QjuTblPokfD03fkfHUuVK,acragheadgq
708,1718103934000,true,7lGKEWMXVWWTt3X71Bv44I,shaistwellrh
709,1705876585000,false,2bEpxS2owATA3ZbcSFlTg4,dcorse5q
710,1716654649000,true,3dpcjIhY7EbEjN3th8HMmP,skinnond3
711,1709460450000,true,7AxMQ4IsF5uQhjvdB8EJkT,sclyne9b
712,1709771197000,false,7dbI4g3m8A0isJVvYk2xdD,wcoathup5f
713,1712878089000,false,3zkWCteF82vJwv0hRLba76,bwhimperdc
714,1722785402000,false,1wvGRZA2RsGckubdScbnPf,kaddingtonb5
715,1705868106000,true,6ozHQiEfSYbIrw1mZf8YL0,ntowey6a
716,1728491892000,false,1iL1z1KHwsDdgPzEiqQAvt,vskillandersph
717,1713359926000,false,0WwbnrNcJf6IXdfZIMdwuM,jbagguleyc3
718,1703590561000,false,71IsKtEgnQhCxHwfPQe7Nt,nshermoren8
719,1725615777000,false,5g04EB96cYc6VIC3DPQxpX,ewillanb9
720,1703920074000,true,0wdgNXu53UDcDWgKLFAYsP,gprimopv
721,1729539077000,true,4wSMMFbMq7fonJuHFtLiNo,gduguidqx
722,1719449650000,false,25fcj6d2W1l8DQL11Czdzb,tgleavesk2
723,1701965849000,false,4y2jpiSWIFqdY01ZoUZUGK,ltompkissrb
724,1708160043000,true,3axhnTsNa4YefoyLGxjdWz,datlee45
725,1701247368000,true,5KAYnOSvePNa6zXMbbg9hX,ttonry5n
726,1700534882000,true,2RInAfucpwkL7daWgkkDak,rwaskett2i
727,1722408163000,false,2tv50mUSWoBwpJ5wuNVEAC,mposthill5a
728,1727586283000,true,71yBNgcDSOc0IJZ4bPlrcw,mivanishinkm
729,1704817560000,true,637bsehtpL2oJruOEL6lZ7,nevem2
730,1700117220000,false,4Z1DVjzaSqXc0eC3yOFnZI,gstallen1c
731,1726267632000,true,2dE71HKOcZK2fnSJHrtRt9,csine1m
732,1711361882000,true,4AblNv2IZzFJnnifSzb9v5,kdybellkv
733,1705162903000,true,16oOcqhWq0jLesfL1ICC74,mratchfordml
734,1721327574000,false,00nrx6fvoi2U0ojp5Jc5a6,mleacydq
735,1724691311000,true,167xsZUsnDXSnc1tTPboEE,massanteny
736,1722832946000,false,1aJIyOZ67KgyysvKYpCq1j,dschapiro3x
737,1704933100000,false,2ltE2wBl11nvJP9LvNFH6e,clestrangeh1
738,1703124955000,true,3NfZVsQWmnDk0BlPnnBmRG,mnearyhd
739,1722864391000,true,2gHBbuFzzDabWvQmgEtay5,njosskovizmu
740,1724923727000,true,74s8tx6zJ8Cv7wwmbdHpzs,lweatherbydv
741,1701239527000,true,15k1G1G1DjIhw1W29EnD6J,rroomeshf
742,1715780889000,true,3jq4I4Ab7npoDx22ka89T4,rorangeq7
743,1716488586000,true,5WaXrtRow1brEASUZsKgCW,lvalentin53
744,1714886222000,true,66Pv3a4E0VYKfGJDXsvhk1,scottageq8
745,1703604964000,true,4dVlQJVxsUNEL4lTSSwAJB,kbussti6
746,1713083450000,true,2ibTzucqBTofzEOp2sALeG,dschapiro3x
747,1721614573000,false,6dNLlkfb0i7RfjZlAnJ13M,kcausley3u
748,1709372512000,false,4gM814NneKElxn37F5Ht7G,asans4x
749,1725678977000,false,5g4kuydmePUJAMYGNACvRy,gdablep4
750,1698992057000,false,16Xl9H3ITIZFIYP5feQ9Sm,esmailspz
751,1727405753000,true,5jLYY4tAiUEDTxIO3J2dKS,zyaneler7
752,1704841442000,false,5RTYEflSyR3t9mp6nX7bjf,ekennycd
753,1709379491000,true,5urCxi14CYwg44QrqlS1mT,mlangmuirjl
754,1701045960000,true,2CzSTQKg7RNomVePzk2NN9,tmcgahya1
755,1718104111000,true,6Thn8AOHIwPCkf2O4ZgfC2,amcvanamycw
756,1725293743000,false,1uGy4uNI3SeVUien40Dtzo,mraisbeckmw
757,1716499025000,false,3LHMKncuCBFhHZTN306bgt,rhendriksenkt
758,1698117374000,false,7I8UTLiBA1ptFm04WulwhH,tthackston59
759,1711085095000,true,0GA5sWfvCcZOTA0Ey6jwLw,akristof20
760,1708064479000,false,6Imtrypp2rg9bw7mfYv8cl,pparkmanbm
761,1712482579000,true,3Ny9J2c1beLVf3lETydYan,dmintoq2
762,1710589298000,true,0lFWwbunLKOYOl7QZrhesY,dcromblehome8a
763,1728498393000,true,1o4Pf2GIMDCD7ifIM2yI77,sfutty4b
764,1725257433000,true,5guJ4wiamIPcGxMr6ZH5Ya,vskillandersph
765,1711836199000,false,2I2EFhXZEpeHmgeUIu9knp,tmcfadin87
766,1713286474000,false,3fHse4K9NlH0j6YcMg8FBL,tkemmons3t
767,1723228046000,false,6ZYxNjuAU9Vy3VtF6W1dtE,cgeorges4j
768,1724551633000,true,2AYqujbAa0fI85ZwUClVEq,jporcasgy
769,1722691193000,false,6j2BsmTY0rThSV58j7GsLj,ischutterfs
770,1717870689000,true,4dxDOt3r09EPZGl3p3pXjz,smanderi7
771,1726849128000,false,4yAsxg07JVPQy3qFn3HKzS,dhatzay
772,1724854947000,true,2Ms30hRxAxBpoZmh6WZvoo,sdillimorekd
773,1719996801000,true,3tiPg5GBES46MKezGsimcG,rgillham2o
774,1707261181000,false,1lOg0JML9h0nhHZsyPAirQ,rgillham2o
775,1708706979000,false,6yGAgWa1aMglog9hnFyyM7,jdulantyeh
776,1714161498000,false,5T8KmqcNeoDiGBqXFnkSb5,tlivocklf
777,1700891705000,true,1wV8YKTNoW9ACUseJCemxD,lbrenstuhl52
778,1726184254000,false,5tkZJZiaeQExZNjCli2CD0,bdaynterra
779,1729446417000,false,5qkqTlLXO0kJ0H22Smnl3G,adocwract
780,1728931635000,true,2nQyEHecmmt0WE43mOsScr,hmonroek8
781,1706804893000,true,3Aod2IpCP00QHUlnbLRhq0,clowthorpe30
782,1706069495000,false,42E2tXsKizkyh8cCUL19R5,agallemore65
783,1700958171000,true,6cja1cger1nrgLCzhDJjgo,cquinceepq
784,1702263144000,true,1k1Bqnv2R0uJXQN4u6LKYt,szanettifx
785,1703521597000,false,3mlMpmY8oZIBFc39D9zLbh,wfenlonfm
786,1711364965000,false,2hUuLfZEqlAGqlp5aWmcaU,mpic9k
787,1699715470000,true,5YDbSfN5oKWBoeyf9nBA38,lbutt2a
788,1713637917000,false,0kMbVxfU2Wh02337pC54Ap,djonsone5
789,1704365257000,false,1RF02Cf80mTaeNXG2P2boR,kperronip6
790,1720081017000,false,1lyZAqin56kwnPlKLbs5xO,cnekrewsac
791,1701534275000,false,5aLPkAwDGpqBaoAvTgbgdD,njosskovizmu
792,1724815594000,true,507IFqPuG8mBQoKebfGG9t,cyarwoodam
793,1719210848000,true,5T8Czk2nF3VExTwXccFyor,psoda75
794,1712567204000,false,0zHm0VIyI9N86mfNXKcoIw,hlancley7y
795,1724039379000,false,5BrshJ5JeA1tX9e9AgFfKq,ksiddonsgf
796,1723317807000,true,3ZJtTM551IMKK9iYZTInZL,frubinfajn73
797,1725519047000,true,2NrqjA3YUfNuZcmQzE2EJe,tjessard6m
798,1716945561000,false,2YaTch92r8xyQNUEoBhxk8,swoodyer44
799,1724099867000,true,2Jf9W7kmoDcy87ZuuaJ9Eo,clandmanpl
800,1711398085000,true,1d5lpW3gUyq537iuyrb9Lf,asans4x
801,1728523042000,true,77xiA2qzH3Lte2wPV3EQWf,fduffittrm
802,1706291246000,true,1Qd5wJKbWtuxlOy2NuHqHi,fhuguesha
803,1701888168000,true,7y4wECa98r7Q5asLVLpRPU,gmccritichie4h
804,1714741150000,true,5FUCZUiW0cE1t9iCWbQPWE,lskellengz
805,1704155068000,false,5dvZzijbqmJ0lgUq9j9eG3,ddiffleybr
806,1721998554000,false,0Ze1fY5EP6bLJjPJMRfJKw,cyarwoodam
807,1709167052000,true,7h8N0QlHxIEYfnHDVps8dS,cmaccauleygp
808,1724139646000,true,462NJycDizHiYl1CjrZiBw,kmallebone1b
809,1724167785000,true,0qrKITWO9wo7ubKE9a4OGZ,adavidsohn6f
810,1709590517000,true,5plHkhLqsFla3nUJhtSZ7w,bwellbankeo
811,1706338441000,false,12rFRyTy1MVZI1EvFbI761,cdowney9q
812,1712726716000,true,7j56bK7gq6iV7zsD6lbP4J,elokerpu
813,1705615512000,true,75Zk4L3RkFB8uQIZXZAKSq,wcoathup5f
814,1715167678000,false,1BtemHS8v4yN5Kqu5A7t0i,bgabbottsqs
815,1702195404000,false,4fI461wHCNlAX7pNIhnSys,ktuiteq5
816,1704368860000,false,0swGsC12qQJfIIMsSWvtVc,gneedsz
817,1699159430000,false,1aL9518P5G72N92b48tuKw,mgoodwelll9
818,1704154870000,false,2qS7S9ramy7bLIiM71eXVX,oklugerhc
819,1700169527000,false,5ddZVXA9ZF6gdSu5CzjWgm,tmcgifford6s
820,1705305501000,false,2SqYMSkuTzn6vZ36n1Y2tY,sjanikjn
821,1715797276000,false,4qCkd8jOHbz7t59nRTlGr5,xcrickette1
822,1700329036000,true,1r6UjJBZMPtyCUAxZIIr3C,tnancarrow4z
823,1728627927000,false,7hFZu37rmQxzAp0M1NqJ7P,zpimerqp
824,1716950761000,false,3oUX9nX0ZIuD0UMKwts1DW,rwishamdf
825,1702907400000,false,7stHo3avMOKQHQM8ARrft5,ppriestland2t
826,1699852151000,true,2HrZq3Z11Jfc7HJysagg1R,pqualtro1z
827,1707618520000,false,30SxaBvjxjuIzl6nnDJObx,jcattrall9d
828,1726487391000,true,3W8vQte87Y6rQt1v1ZzndA,mmorfield1f
829,1711128197000,true,7qELh1G8CuBOVpaL50bAAn,emorrid6h
830,1707711165000,true,7kQkcCbbtwH5HkD2IwmPHO,tmcauslenec4
831,1715655439000,true,1q7SnztoC6TIUP9wxDVFiB,jnisot85
832,1718934750000,true,2YOuzGSTrr7FpZYHrvwusx,kcausley3u
833,1723279428000,false,0kHWm2Z7j0mamnEkvGP4Af,dfarre25
834,1714877809000,false,4pbgdgo3Pe2YnOfV9c2xGX,rkillick12
835,1728483465000,true,0CA3RxBx2xSQXPfpmUBK1v,amandre46
836,1721002211000,true,5fKyecQMay6dMwjf9VdYkk,cquinceepq
837,1705132385000,false,2BzDh1kitD9Zliv03YtKtL,cfolkesj6
838,1721612849000,false,0lGB9TanliqW8rYVj7JusE,klehrpf
839,1713253660000,true,0TQp3SpfrkWtGCyJJgMbHW,lbourbonkb
840,1707331453000,true,356wpCJ2cUKEfvZswomciS,rbabonaulv
841,1698576292000,false,21YpcaEr3aWd0Cg5f95Djc,ctuckwoodfh
842,1728305799000,true,7bSNevAp9pwygAVxyubZFE,rhudsoni2
843,1724403727000,true,6beFuzSjwhOKFZp2aqYDdY,lweale83
844,1719284692000,false,09YadcHsZw8nEmJhB7SDrw,cvittorim0
845,1723623029000,false,1JAMQgaE6RaYk3L81nn3fq,jbethof3
846,1728218071000,true,69Yia3qCLw6N9U80WhLwLn,hlochriehn
847,1714064767000,false,2XzRnzuIgpZGqco2rMTQbS,rgirogettidj
848,1701979601000,false,4X1RmH40uM3YjsgRtKAKNp,jhelmke3q
849,1699323781000,false,1qAwazZTBsZUp9gW2ARjG4,sverdenfe
850,1708396400000,true,6JIC3hbC28JZKZ8AlAqX8h,bdaynterra
851,1715794036000,false,2ZW4NujeGNg2mGApYyAmaU,cmacgraith27
852,1698215466000,true,1G2foJrzF9F4PcLx1bpSmu,qkemingco
853,1726028055000,true,0aazeVE84t5DJ2rAuDB9Mz,dleads7t
854,1709326716000,true,7yaHIGNfsdw9OMKkT5URwF,gduns3z
855,1724481577000,true,5KqldkCunQ2rWxruMEtGh0,khostenf9
856,1706709252000,false,1V0R5iue1zHwywZL0qwinr,mmcmickanbp
857,1719978715000,true,21JRqTnNDTiMxzTCvzcfc3,jcattrall9d
858,1715584939000,false,3FWblef3WNyMeTBCh6xhjg,mreforddm
859,1700004945000,false,7uqmKlDXkAoVJDM9grjCNz,rkillick12
860,1704163707000,false,7gip0LcKJuuS4pfg7Ya8gD,myanshin2v
861,1710482308000,false,3IPpgcViKQ2E81XgMnT3yw,dwerlockjf
862,1711175389000,true,4vXNuIWAFSVTSh45tXSCg9,gmcmackincg
863,1705807703000,false,7CGSpFqCWZmxDREv3FqPnr,rhudsoni2
864,1723306533000,true,7iE1KCwyKPmfmNOxqSOODf,ppridmoremn
865,1712056193000,false,5nmvzqwFTpY7UvC8t748bK,cbaulcombeju
866,1714496656000,true,3mJV4kByjmgU3ubU7JPp9W,hmerredyiz
867,1727663521000,false,73msgu8FUg7DHWaD2tDywG,kmacquaker5b
868,1703542580000,false,06BmUrVuMtTdOuaf9CTYAz,tmcgregorck
869,1700745169000,true,49vtjqhxPVKz7BK7IYjBru,tperutto5h
870,1711404467000,true,1UyaL82skjp3Og9AQvemQB,wweafer3b
871,1712092349000,true,7H4js1I7iUQWMwDooFO65V,hguirauoq
872,1715761722000,true,4BDgNNGESfLKSwDzm9fkMB,smanderi7
873,1713375495000,true,6yb0QZdAhqirrsrsN35WTz,nhabercham4r
874,1727276869000,true,41uOgN1kdvQ7prybDvKu7Q,khallewellpm
875,1698520291000,false,42ViMZMqf5jw5u6VWch4Dg,nhabercham4r
876,1717519016000,true,3HpLHPsY7MbnZdILzlGItI,pmontfort4d
877,1707333942000,false,3sxNhARfL8uj7NlMqwF61p,gbutchartms
878,1724216112000,true,1BeGTr3dt3cC7VNQlTUL3v,mcalam7f
879,1707721386000,false,7HsGtxpInhLpgIH3OREKDr,cchapelhowqi
880,1707613935000,true,7nm0dn6tp3XYreZpt6Ugjg,odabinett3l
881,1713171819000,true,5BagMLXQRdSzbzzK5oRwzv,sbattinc1
882,1723833337000,true,3KZ7z3H3OZcQ5t6yLkK6pA,fponcetne
883,1721541431000,true,3WRTADbL0criwvX6IQFex2,vgillie8w
884,1704809161000,true,7MO3e3jJ8iczmix3WeDMFO,baldin9j
885,1703945029000,true,4ehH2jFZdwqx2QuKgJuTRI,rgillham2o
886,1711793453000,false,75PBVFA7kwamMcSOQSr9bn,slittlepage3p
887,1716269111000,false,10dywHsoWEgOvA2jiV6YVR,lkermono
888,1706198622000,false,13t0zj4RPKM1asysCWgRaU,aridsdell7m
889,1708834065000,true,4RLS7zLMhbApSUHe8Evp1G,dduffelld8
890,1728035438000,true,4DWFSrNnZXow1aB96gByho,mblamires2s
891,1725403415000,false,5l173cA4cY6DxuxaDvIdgz,ftemprellen
892,1715197996000,false,3aesSacVekAY2cwcNgCMyP,thardage2e
893,1710819668000,true,5gwK7cLjxrlgwRsioRbI2P,hchristoffe1i
894,1703252350000,true,1B6ZqWY1tUiT6dhlt5rUqI,mmorfield1f
895,1721161417000,false,5a1slI8RRS8VgAhm9lKCCb,cchmarnybg
896,1706463183000,false,1Yn9QV55OP5E5Ix8HBxehr,bgoozeeev
897,1706813968000,false,4xFcQGVBVakReaL0OOJiP6,swilbera3
898,1728616854000,false,14tRCUS7kFsJhsUNjT9X0t,bdarkermk
899,1698103104000,true,01EgetpQiOP29Weu6kKqzJ,rwishamdf
900,1707560106000,false,0hLsDRLsfvwExXMBeDS53k,zrobken18
901,1726930599000,true,4SHuKJoNrvt3pj5VEePCzT,eisakoved
902,1718541828000,true,2YusZ6ArlfP6j2Jb8pGsv5,tewingda
903,1706339989000,true,0FwiglGo6kL0xLOt114SSh,gtrousdelliu
904,1721810363000,true,3Mf5CJ4c9wzdCI5Dib3V3B,rosuaird6d
905,1727655339000,true,1hoGjrg68nMJcs5C7r7X0X,hguirauoq
906,1724454758000,true,7816irfzlAgs6ACKmCWg5C,cpersencec7
907,1728720995000,false,0hBN7k2AAmbc0mM4cUAmQH,gkimburyqh
908,1699876839000,true,3Qz4eE3vzvEe90gurIW6mu,pbudibent21
909,1723075814000,false,3JsmrruMp8AWcbEZ4342JY,hegletoncy
910,1716636100000,true,2fbHtVGsYXL95MRdGkEL5R,sjedrykacl
911,1722690864000,true,4IaZWtk88n1RD2IHJGUrxW,clowthorpe30
912,1724825256000,false,2vICdcAEc10WfqMeRxOF1I,hlancley7y
913,1718549296000,false,4B3jhwZHmryt2OhsfXlk6Q,sshimmans70
914,1716676577000,true,5tyReDTH3MpN7J5pk2LuGx,idavidovic2f
915,1700856230000,true,7bxGcILuAjkZzaveU28ZJS,jchartman9p
916,1711152003000,true,3tvbebTiNaa27a1dsHvmCz,ieatherton4p
917,1711379790000,false,21L8cOFeq9eEayowNpX0yh,lgaley99
918,1707016035000,false,0RoA7ObU6phWpqhlC9zH4Z,rjendrickefl
919,1703978719000,true,5S5L53t8PhVaGDy6ds9D9K,nerrichellifr
920,1717806298000,true,6LVu5aSD4WJNkJ3WjdHZHQ,astrick3n
921,1729171631000,true,1uyYFFjHvDeOTAhNydCURZ,tyankovjw
922,1703515823000,false,6NEEbZXla00cRzXErdNZ6k,lwinterson4u
923,1703911676000,true,48Wx42iablOLBHCyZ0j2SF,mbaggerht
924,1721180263000,true,5h5NznbR6QVDFMXRN0fH3A,gstallen1c
925,1728819164000,false,3sNvYKjMirVgsBGT4NM70R,cdavenellho
926,1716663231000,false,1muiUTfGBomZm7umb0fZmi,njanuszewskige
927,1710343781000,false,1zEvVF0TuZ25UHnzAutUuX,edriscoll5o
928,1701154629000,false,7HYABKrYzyfar8gSc2TlL9,mridgerrr
929,1698398593000,false,0yGEOYpUwQfR3Bt6rPz4lK,odeakingx
930,1710775536000,true,1TyeUyJlGc6jHYFulIYKgw,vofieldy
931,1725926428000,true,61frbeZKl33hLAeyWGc5Wn,rklimschak39
932,1724484978000,true,2GEvbn0X6HNe1k0muPLsgc,jblankenshipd0
933,1719628760000,false,0kY5UKJr6HJHYL8bFuam9s,hdevita3o
934,1707490789000,true,04ILxTQAP9e9Ng4IvdNs6m,laggusat
935,1708742242000,true,08cshUZIlQMJRKPTLnaT9F,ggodbaldr9
936,1705321276000,false,3HGKzDBC6MfnJtcCRi7xB3,jdevalnj
937,1714471935000,true,3nrnCflnNBwJCAo0VDPGXv,kbrumheadjz
938,1701041241000,true,23c3BqMJumqqXFTjmVoMeF,smcerlainehy
939,1707265826000,true,1OO6V10Lyxw0Mz5HJd4BWO,fboocockln
940,1701479040000,true,40rO5T5aZa0MlgzCetTRTn,arougier8m
941,1705032345000,false,6U4InR48CmnV8jhCCx9JNN,fstagge8n
942,1707560349000,false,6NDuYg5KklJi8XKkJxb7d8,jbridgenslc
943,1702268243000,true,2EnKi5eBgF5Bq2K88QR1wR,gjenney5r
944,1703256277000,true,7d5rQgdrOfdcODLkyuwOrc,emorrid6h
945,1726438964000,true,1aScJq6gQGZORAOjwSz7Gh,smcerlainehy
946,1713022598000,false,251qnwDSLQzzOYt0Hiu7JL,swoodyer44
947,1718544956000,true,0Nw5oTKvYOm8yJwff1zWnj,hmonroek8
948,1708694287000,true,4vONrsV3dTGZbmERrr9kCf,jboaysi4
949,1727688578000,true,1WrMD6on4zuCXVrYp5o8io,shedgecockx
950,1702599992000,true,2L2aSrua8ZBRMogFhF6I1Q,rhisemanoc
951,1699009718000,true,2IsSH5T7u0gzHOpcToeNuO,rcrayked5
952,1705264727000,true,4ucqJxMsTSpzhNMBAZykJa,drundall4w
953,1712599046000,true,5BJSIhaHPpnTkAahlmOQ1h,sstickneycb
954,1720955836000,false,4hzDCJUFDyk66oIBirPiCl,pmathewj3
955,1703924280000,false,37qR4gabbE17D48m0aerCq,rfrenzel19
956,1714621299000,false,3HoQtJWvaadVDZPgQevKIh,breinbeck15
957,1716555295000,false,1FXVsxDeXfh94AZw9eqtP0,pputtenc8
958,1708393490000,true,7CMyoI8zAFAUhMnQ5NzNnu,eeliyahuly
959,1718017869000,true,27sytaeEm6TDVMpdExyVfd,vourryhp
960,1721611883000,false,3QwiidVHfeE9y5jl4n2MTC,cbengtsonjq
961,1709389114000,true,3Gf3nkzhkr1SO6dgFEnDrw,mschutzeej
962,1705652224000,false,0lPZ8UNB5bmvhn7ba8faJi,dsirmond9i
963,1716739197000,false,2Kld61w2NR7zPPXtaHeIii,jloan69
964,1716186429000,false,7AQim7LbvFVZJE3O8TYgf2,hpilmernb
965,1702355738000,false,2ClgEn1FZxchrqRZ04JZzj,etowlbe
966,1701001048000,false,4HKHbPMQNdmdGgFgzpCWu1,ahembryr6
967,1708836897000,false,0jve8lleettzqGktJTB9e2,jallard6j
968,1715206604000,true,1rDzUqMRA9VdGCIwzgfeh9,nmucklow7v
969,1723971506000,false,3NGC2t1KnSOFcDQv8EI2Pl,jitzcovichchod
970,1701984641000,false,4xEpDppVO70KW57yI0kWEW,vgillie8w
971,1707634222000,false,2R64H66ZstQ4d59A4FFsby,mmcmickanbp
972,1727153722000,false,1KFlRPAPtXublWQx91REdI,kperronip6
973,1700427039000,false,3QO1m6i0nsrp8aOnapvbkx,jjuliff7l
974,1717686204000,false,67lSEwCdKQggI4K5fJLbN8,hgoudieu
975,1713736163000,true,0ADG9OgdVTL7fgREP75BrZ,mcolquerano8
976,1713535895000,false,4JM83vavkJAsN4jduJIz6F,amurpheyr5
977,1698872772000,false,11dW0EcJ1LgngG7j9nechj,cstratz4g
978,1724304974000,true,6tDtuaCX0sIea6o8Qmpyae,nheims31
979,1729149644000,false,6NhxG3vfaRVzFosetdRITN,wmaren97
980,1708431568000,false,4aUnmZzTqfrETKCmE6zvaw,fstagge8n
981,1711143031000,true,4FqK9ZI76A3ClDvJRbbW9c,smanderi7
982,1721609458000,false,4SqVVBJLijMCgUFESJYlBp,fsebright2p
983,1725030019000,true,1VOIfOBCgAfM6jJW9mzKWS,mverrier1q
984,1729309274000,false,1mL049WdQx0AkXwyleFhcw,pcroydond7
985,1720648124000,false,2flz8yzCx3otg3T3p0gnWo,kcastanho8l
986,1698830295000,false,05UkW0aWSlpxcOlT3NtJ1N,nplaskettrn
987,1711778422000,true,3gKpMKkrMUEJvONAhC8zmg,spresnail93
988,1698566589000,true,4tqcMmLizd3a0dg2d7ySoY,wiannem7
989,1717602660000,true,731wnLuIxBdoqArAo7ls5U,dwhyborneb8
990,1707600978000,true,1n9R3fwBMzZvwyTWpJ6QMn,akristof20
991,1711601783000,true,3Md8YScIGo5rx8NvEomkmw,dsomersfg
992,1722361485000,false,5DCNX1F47bDPke1LxKrEnS,mvose4l
993,1699451257000,true,6zeblz6qaURo2JphS7XeFz,rbettles3f
994,1713333357000,false,2Zql6aBjLdgYTwhIdjXDGg,lzanetello4y
995,1720561947000,true,514rhnksEwHUh6LxXsQ4Y9,klehrpf
996,1704645978000,false,7BRwh1bemr9rFMDeTbcy5S,mnearyhd
997,1722567095000,true,4OROzZUy6gOWN4UGQVaZMF,jporcasgy
998,1707201673000,true,7Fbjt9MyQqzi1j0TtrlnoE,esmailspz
999,1703966680000,true,2NVjII4zi5d4c9F7ivNYsh,kbussti6
1000,1718689904000,false,6MIlVV5cP65GBl2sWPxGnJ,hfairhallp1
