MoodId,Mood,TrackId,Username
1,HAPPY,5RTYEflSyR3t9mp6nX7bjf,chumei1
2,RELAXED,5ZfnMTxigllIu1aGgyfYWF,elerwilla4
3,EXCITED,2ZMW1mtSrdiaDe8lI9YLnZ,groizn9n
4,RELAXED,6W5xkqHt74sj1iRVKlnQgi,lsherelcm
5,HAPPY,74QIB9RqWO4C8LGHfxb7xq,anutterbn
6,HAPPY,6YYeBYEpkiR84eCDNPBDoF,gduns3z
7,RELAXED,7eFT01RXfGorMLvMpdJr8t,hdegoweic
8,ROMANTIC,2slCemz0CJgJyskHjoyoKM,bsalmonfj
9,SAD,2wpQH0Zdn16of1a4Cb1bCd,cqueenji
10,SAD,24tNhacN8vdN8OqkR7LcNm,amcdellbt
11,ANGRY,6I6w7Ge1220zlMe84GP52s,bfiermanku
12,ANGRY,1NTJDF7wk26eGVxEFn4MMJ,vwitherspoon10
13,HAPPY,4DveLaQHQYYVwDmRmPW6Af,abeinema
14,SAD,1JWkD69eUsGG27nD9rzHyZ,dorrissoi
15,RELAXED,3bbzeZcfsK0ac7rdN2s7WX,bniesslx
16,RELAXED,0x3TfyPKpkkFN6fl4ALxdN,wiannem7
17,EXCITED,1VvfP9igEndPH8sYOjg6dg,hguirauoq
18,EXCITED,2eo3SFdWW5c0jadbj79MJR,gfittes7u
19,SAD,4OtsWdxJzYyd8OfmRwqRTA,lquested8k
20,RELAXED,3XOyyGtdATix2BD51MfKpB,rhammondsdd
21,EXCITED,6wUU6ff7O1jlE4NOrv01gI,sstammlernk
22,ANGRY,3jOoRLlJQkmE4rHmg4DZFL,bpasseybk
23,ANGRY,4HuPW0u4RZbOXSYC4mhXep,sblewettbc
24,ANGRY,3w9pdfnDt85E6HWCXyLW9o,rmelbourn3j
25,SAD,3xRgl52vYNy3ORBJTeqUpR,scottageq8
26,ANGRY,11J3Oz5eKrwTjc5R8B3KL6,cpersencec7
27,SAD,2VpJeDfgFPZsaMsmf0GNnD,opikettim
28,EXCITED,4tvqKsnTGotlE2cEajMrQ7,cpeotz51
29,SAD,1LZik4eONOZd2wuvHVdbmz,mkochs7g
30,ANGRY,5m00VnXlz8yRKmCXVgJCEa,tnancarrow4z
31,HAPPY,1sXdW94CrEIrYdbfON4Sxt,mpic9k
32,EXCITED,4UB3TaEGEY9WoOpxYNMgy4,mlagesdn
33,EXCITED,3eLekUgJSY4beTBXfgNfHr,vgillie8w
34,RELAXED,77pOyJP8PK4XoUr80TqJjr,ygiamuzzogd
35,ANGRY,4H2BScfStfDuTV32SmVIxX,mleacydq
36,HAPPY,3iKcDwqwMf6O547uQcyjaO,vdickiekg
37,ROMANTIC,1NbkW4qACyJ4MDpqP1kAC5,pmetschkej2
38,EXCITED,3sTb4Y9hrZzSH1I3S2lYZm,knawtongo
39,EXCITED,6LnbaR5hLhhJkmmwYuMfCD,zprettejohnsje
40,ROMANTIC,4BSiq6NWxI2wqOXp28FTNf,ajamotfk
41,EXCITED,6hiZ0jgoMkPMMm9sPe9wR4,odeakingx
42,RELAXED,2yKBnKOmPXePrbHqRv42r4,lwinterson4u
43,HAPPY,2EuC7F1AaycPufEETswIHF,sprimakap
44,ROMANTIC,5yRQorYSTcG2Di66pnsNO9,szanettifx
45,SAD,7dE07ULna9h2PituTjrinM,itewelsonar
46,EXCITED,5t1OFHuWDlmusIYUZSNADT,ccuerdajx
47,EXCITED,0xtsKbcB421gqYvtUb3GAy,tadaoaq
48,SAD,4Yi3sg4qKOcW9ic91nqMas,dlillimanah
49,EXCITED,6XlZ3cOskDVBdcHRvtktnd,efuenteze2
50,RELAXED,02WBEBJJX1R2UrYSUrAPi6,charrisjc
51,ANGRY,5PF7EhBY057CquULM9P7Sw,dlindellbj
52,RELAXED,4WlbfwB0LT2Ca6fqKo8J21,adomber
53,SAD,1rg9XExYRDpEPn2cDqwz6A,gbutchartms
54,RELAXED,4XCVkw1EYaWVWnyxihgu3V,rgabbott68
55,SAD,2vTAf9bzgob1E5hThgChlG,emorrid6h
56,EXCITED,223xCG1Ut17sKwE20L5m2Y,gnuccii3h
57,SAD,6f9cHsz31O9dhGmfX4vg4s,scornes5d
58,ROMANTIC,4iMQEdNXGMVlAbqsJGhvxx,hpilmernb
59,SAD,0BNfmNj23fWWufyAIeX9aO,amacallenkp
60,SAD,5qG6pu4Vq9f7wB0NAso4UN,ievans1e
61,HAPPY,5yDcLPIh0e0bwV09d6jWE1,ddiffleybr
62,RELAXED,4vwJX9lbOptwFowOnIO6Bh,dpickard9o
63,ROMANTIC,2hBEqHY8yw0j7sGX6tT09o,akingescotem
64,ANGRY,5lXX4SAV6HBaVnZ6sUQPNE,ctilstonnm
65,SAD,6rGBks2LevDjAMo5KJq88Y,skemellhm
66,ANGRY,3XzAKoTEjmVCZLi118Yfyu,rhendriksenkt
67,SAD,162CaoHeul0CCxeN5xf4Vd,lgaley99
68,RELAXED,4V68G1f2P3xGjfCiit6P43,lpumphreyfn
69,ANGRY,2V6mgJJY6cdmAIGGtY9BHI,rbettles3f
70,RELAXED,0KowF4SgBUYgcYGhpeGpQ2,dtolfreyih
71,SAD,36tALrZpv0URSni85OsKSc,arougier8m
72,EXCITED,3q4MovByQKvWzJFhdb8M56,gsillis5c
73,RELAXED,6So7SrLC2d8FRDEQRa13gE,zdrewelljo
74,SAD,1tzMa1ma7O05lIgr4XKia8,vgriswoodhh
75,SAD,0ESGAoXILJ1DV0hyDaTRXv,wchilcottmq
76,HAPPY,6JMUqW6dwWduaPPqGCkcgk,rjendrickefl
77,ROMANTIC,7LZojmjJG08bwrDncOt9Li,lgidmanjb
78,HAPPY,28xodHVKeaJwFhu5W6IjHd,kfirthit
79,EXCITED,2s9XDRwPTUVFYUOPqNRAl5,rcranna1n
80,SAD,3hB9NQ5Mug7EdxMZqfguj3,blegerh9
81,EXCITED,47vXjuUO4OKODO9XlinEDX,hchristoffe1i
82,ANGRY,5gFfoZxgMHgMiArpO4Balz,hbassinghamkr
83,RELAXED,5RvxdCaZN1ojiYuqv3WEeO,gcosbyg8
84,RELAXED,4yDU3Hwlp6RLIVSj4F32Gk,lwinterson4u
85,ANGRY,1WjFM1WDt8o6YXwkY1LGgb,rorangeq7
86,EXCITED,3NovnOoAhshRdhMQFP9R31,ogarriganmg
87,EXCITED,2q0VexHJirnUPnEOhr2DxK,ccannerdz
88,EXCITED,0RH979Lsta4yCR6AXG0P5b,ddankovdx
89,HAPPY,3S3MAk28b2evnivIWkDshP,sdeeryf
90,EXCITED,5Ly2b2q5tuAf7ANzS7xEF7,mcousansi9
91,HAPPY,1avAgbRB1pLg48zbeT3TDY,ffiggsbv
92,SAD,1YCx1cCujqHoJLos6V49Vo,dwerlockjf
93,HAPPY,5MIvZqLjo5J38ZyxWzv6Lt,lroarty76
94,ANGRY,2mE3NVgBQcuHgaKVa8rybJ,ldiggar2q
95,SAD,1HiJ7iacnc1kFWHpc3HRoU,dsannes56
96,HAPPY,2i5wxy3gboGHwDaFPVHGUI,wmalthusak
97,RELAXED,2XMTqoHHSH0lvuXrvIEdco,ctybalt3k
98,EXCITED,0j5PDjpBsLIEQdRVSoXFBv,cmalamoreo9
99,ROMANTIC,4bE3cBcwAe7T5SklvbkiYZ,kguihennt
100,HAPPY,6cIofvIR0suRIIcvlJOO26,gponde78
101,RELAXED,3zmi9cCM7efBvppNLmVAQ5,tdambrogie4
102,ANGRY,0L338uEl2VPRQGSLy5yuP3,bcaswilldu
103,ANGRY,5bWcHqWcvffvkjD6fKDKzY,wmalthusak
104,SAD,7udYCqlu5Y9hZFFcDFNtuO,lturnellg9
105,ROMANTIC,63rY51rmghCWZt1jQnEwEs,kdebruijnl0
106,HAPPY,2sqohdUZ6Oblo14ua26VrV,ygiamuzzogd
107,HAPPY,5UEgOQEP1EUoacGA90vGtN,hchristoffe1i
108,ROMANTIC,2UvMgTm9y3lStOyQE2yxKA,eisakoved
109,SAD,1FzXRK8g8TxVdL8UjSWaRC,ncamous92
110,RELAXED,1GqAFWj0HSbX055zDc94Wj,rketch1u
111,EXCITED,0L3t3JBQM0s7orSGUEWfE3,lpumphreyfn
112,RELAXED,2ro1sG8VxOVYfYiRHrZ5CD,massanteny
113,SAD,3FEc6z5Q5mgeZtbeBDNEEy,cspearingcc
114,ANGRY,44qWzzAQIqRpBw7S2YZO8y,ckellandh4
115,SAD,5QhH0fX7aEhqeNp2TGF5lz,slarwayoa
116,ROMANTIC,39uLYYZytVUwcjgeYLI409,rjendrickefl
117,SAD,4qIMmEjV8gaEsfZML9LALx,tstarkjr
118,ROMANTIC,3ihD3lOeQRlzTwaORNulux,bargile6p
119,RELAXED,6HrVrtNZh3KSehcfwq1S2z,nfawlteyfb
120,ANGRY,3miOxudu6gPucbG4kjCKj6,wfenlonfm
121,RELAXED,3LMhecVvaLsMHo89N0uYdY,szanettifx
122,HAPPY,45k1DOjv1jXPI68PSHzHiv,rbabonaulv
123,ROMANTIC,31oCJtjH33uYsNPZ60cXOE,sasche2c
124,HAPPY,6TU41CZECxbIjI6xQlPIZp,lleathemch
125,HAPPY,20HrYZPizZt83hnS9Vn3J4,lswitlandbu
126,SAD,4oNRFSh6onQ5rrHSydWcDr,bkennyom
127,SAD,2EuRnXkQ1X97VNY3NfSqay,kperronip6
128,RELAXED,3Y3uR7Fd2yVBLHmgsqmZnS,breinbeck15
129,EXCITED,2v4kwDZ6tYZKntfryG4bmX,mclimanceci
130,ROMANTIC,77mdSQIEMzk1OOGPmcJQFF,efuenteze2
131,SAD,5QWCYlbkt3Kd4ZG837k7oI,sbuschm9
132,EXCITED,5XHvLFENXejcEhj5kdLGt5,tbisterfeldk5
133,SAD,4eWUzMsIXvvsIk3ow18wty,fcianniot
134,HAPPY,6p7iAQ2E42HuDyOJBI0q1J,rosuaird6d
135,SAD,05InvhuB0FVJ6EFqEyIqIW,ksollam9w
136,EXCITED,6DfM5XcXFs6Edm9niEKCfU,mhazeldenop
137,ROMANTIC,0d5mgiHaAfqeyCNdrVJvvN,rketch1u
138,SAD,0KiWEnqkaRBjsnOuF5w4w6,kbrimacombejy
139,SAD,0KbbArmGT8AHIlP8k3pROd,scottageq8
140,EXCITED,2MMVhnZEo1ldxODbqqm96K,rinstockqd
141,SAD,7xbWAw3LMgRMn4omR5yVn3,cpeotz51
142,ROMANTIC,467faSTmWsVJh2CpvZzNYt,swoodyer44
143,EXCITED,1zT20Rgscp6BAqMhMMFFtV,sjedrykacl
144,HAPPY,7b4vbqgzMhbFa0wdjfftQJ,cchapelhowqi
145,EXCITED,1EQjhHKwMO2zL4cFrlNQ9I,swhitakerdo
146,HAPPY,6x6cdyo8ya8pJgLla9ulAC,troyds62
147,SAD,04l32IumKKAv4Wj06Af9AA,pcroydond7
148,HAPPY,0lGB9TanliqW8rYVj7JusE,mfanedr
149,HAPPY,7mspMgbrDiYlTaEMI7jNaO,afrantzdb
150,HAPPY,6siVzabZfJL41Se70bonmq,gboolern5
151,HAPPY,5E5SCNQl5KkKkx7ciV2bQd,vourryhp
152,ANGRY,73ruq8AAgS42eJhPpTNua7,logrady7j
153,RELAXED,4MSHtWWFDUcmOiWkLQsdhZ,sfortounnz
154,ANGRY,2pUlBBWq8R10ylbBvZJV9j,dhatzay
155,RELAXED,2Rzwiy6kWHIVKFKdh94tJR,cbarde5w
156,ANGRY,5LyRtsQLhcXmy50VXhQXXS,lzecchetti3g
157,ANGRY,0rFninROHX6IYqVSp3LPpU,bdeedesee
158,ROMANTIC,2UTYXcT65CtEfLHWy2ODXR,rhacquoilgk
159,RELAXED,3hoXhwP0ub9LdSJV4olDIc,slipproseqy
160,SAD,5FT4fUQx1ChOhilepc0epA,bsalmonfj
161,RELAXED,06Hdbxh6NCy6TIhjdXTchB,jstallwoodjg
162,RELAXED,4smfeUBbpc5sYQNOI4PDso,laldhous2r
163,RELAXED,5OhsGNXNLzKlks9amdXFAw,dforgeix
164,ANGRY,0mJUxFpEI1eAOIIfnNoZ4G,nbadland74
165,RELAXED,0xMvzVeUgeT6BD0guG7zX8,dhughesdonc5
166,ANGRY,0adBXiFQyVirYKM4WbITR1,gpulteneye4i
167,HAPPY,0nvqSdXYNsQKBomthCyl49,clestrangeh1
168,HAPPY,2Bdbwlnv6npGzYFS20DfF3,dearthfieldl3
169,HAPPY,4BxHd0qZINzh99YC1Enwlh,cszabo2h
170,RELAXED,373tx0f1dUm6FPzgKJBPap,givanchinib
171,EXCITED,0mXmuaQGkuuXOnS54YHHWX,skearley8v
172,RELAXED,5BqMlJS3A70cI67vzgKKlJ,wfelderer32
173,EXCITED,04YU3IbNPCd3VPHOHjJJUx,rjeanneaubb
174,ANGRY,4hYHaROtjB6YREh6AgW3fd,htremellingi3
175,RELAXED,6zVdlNTvo0guva6GazxbXL,hedgettl8
176,EXCITED,34Qr17Bzt50nD101GsIsh8,wbatramk
177,ANGRY,6l0lLJtko09ZQu77pm7ZWW,eisakoved
178,ROMANTIC,3NgApo4U2gMHh0TKXntZRq,frubinfajn73
179,ROMANTIC,5fqDXVrqZRCtyOVFQBONc6,ckopelman7e
180,HAPPY,4JDUGdW4HOayl5jk1MU511,dkeetinggt
181,ROMANTIC,5CkHWQBcb7fgNXJ9z773XX,dcromblehome8a
182,HAPPY,6eu7S3v7Py2gw3eukxiHbD,pqualtro1z
183,HAPPY,16o45Fh28QM2FRDb1BFFVL,astrick3n
184,ROMANTIC,1EJZQ6uhrvl4JtoKn7RKFd,hgianillihv
185,RELAXED,0lpDlWrV0Cw3eGGvPU6d3R,mleacydq
186,EXCITED,7t3Xdbufg7q2onVsR8RBdY,wstronoughbd
187,ROMANTIC,1AL97In5wDss9kvY8wRHH4,dlindellbj
188,SAD,1GuSTVJDtsbY70WV0VT64H,kdaveridge8e
189,ROMANTIC,6KtNLc95StBKfOmFDAoTwi,eavon47
190,RELAXED,5s9jhOJe92zrdZVXoNz7hX,arennockie
191,SAD,1bsWsraQlfDz6kk2o0SnDm,hgoudieu
192,EXCITED,0qiprdV8xNfehA6G2rDbiP,kbartalettiiq
193,EXCITED,5hISmTJXBXdOes4htbUhGk,awarrackq9
194,ANGRY,6m3hSSDwLUUsXEf6aPtH1m,okibardme
195,HAPPY,4soIPtfbXw5v7FGQGtWFLq,lbourbonkb
196,EXCITED,5J7E1El7vKqXNUmwCI3KAh,bniesslx
197,HAPPY,4sIPJ0x9xEabKrsGxDP2kb,cvittorim0
198,ANGRY,4GjvPn4TXjakmMsbV66jLB,bdaynterra
199,RELAXED,0uodbo4X96E59zMLyqN0hm,gmcettigenf6
200,ROMANTIC,5daE0LYn2yQquJ9BUTma2f,msabattiera7
201,RELAXED,6dQy64lNmMr6BjAmGteXmA,irogans7b
202,EXCITED,3y92XofJTYxr0Ws86OTkem,nheims31
203,HAPPY,2bsTRbvMKmgyDYr0mK3jTe,vbecraft66
204,RELAXED,6Ia718bmvgBQsCg3ZJwFLY,lburkhillip
205,RELAXED,2kF9Ijd7I2Kk2P4bYqUmzG,dedgarpp
206,ROMANTIC,7iPlYsBxklzdQe4iVQx7DK,bstrelitzkibl
207,SAD,0akp96dzRtVRv1Gi38zSwG,emorrid6h
208,RELAXED,0QflAnerurTgsWavLFkUBT,aridsdell7m
209,ROMANTIC,1FWX54nsBCsF6zGHCcJ0ID,sjanikjn
210,HAPPY,423KoEUpycHLNi4vesOPpT,bzemlerds
211,ANGRY,3ljuI1tsU8bD8ud2TyJIBF,hyouteadiy
212,EXCITED,1f8hDvNuRTUxUPh8Zgeo8C,lsiddonsn6
213,RELAXED,6O0OCTxHffoXmJSnhrRSmD,gpickfordnh
214,RELAXED,07Z1Oq611mgwOe1WAKgny5,gdunstonqo
215,RELAXED,0Lfm4GoTcBHp3QcGamJxG9,vbecraft66
216,HAPPY,0RpcZsF9n8mgmzhTiaMX1w,jburnescu
217,ANGRY,35WuqC0pMixNnnljOx1wjc,rcrayked5
218,SAD,1W9YxQnf8WL1Aw3n4ehIuS,kaddingtonb5
219,SAD,03Lx9vXoAga9Na7dNc4JaB,mwoodesbo
220,HAPPY,0yR2XR7Ufx0aDXifmE4UFJ,lburkhillip
221,ANGRY,0wZeh3Nntr7XpuZLsAjCzs,rorangeq7
222,ROMANTIC,09MQwsUkzi29VEQLsUBSvX,mblamires2s
223,SAD,1XscMS790b4g5GmCnnO8HX,kdebruijnl0
224,EXCITED,63MtBl0gY9EHcCQbcvLxFg,adoreoy
225,HAPPY,2vP0JcTiuYnzrBy45ACKBz,njosskovizmu
226,ANGRY,7ImaCF0ttRFNoQIErYlRq5,mwalakq0
227,EXCITED,70brdedH3N5q4HnLmNZRWz,bgallienne94
228,ANGRY,3waAhmiU3Qu840OiDDdq9U,mvose4l
229,SAD,3v2u6vEUgHiFdQA4PsIpoE,chearnaman42
230,EXCITED,4DFdqcDtqU9Ch6cFV4cLT6,lsherelcm
231,ROMANTIC,2mIMNSYvKY8A6oYZiagzkw,mschutzeej
232,SAD,3EAZILxlMITj5PyquATJI5,khartmannmc
233,HAPPY,0cT1dcqaWVrRFcShwVNXud,cprayerbz
234,ANGRY,71QsjhliwsjvUKiZsK5EtV,mpitchfordng
235,SAD,7Bx0oBgnEfVR2bCs6Aul0X,rhendriksenkt
236,ANGRY,2tQXlLLTZnUy8oklFpnJ4P,dorrissoi
237,RELAXED,4WXFhx6KBccTsCbGU415Sq,dtreleaven3r
238,ROMANTIC,0X61Ud5Uzv44RvY3s1SsuO,tdoxeyb3
239,RELAXED,7ewVxETIM55p3cm55NNpWX,dhuejj
240,RELAXED,6LKJwN8aF3uYod3JUPXjQR,dduffelld8
241,EXCITED,2R0B44jOb1mC2rU8ObMh0f,sstickneycb
242,SAD,55YClWYJCtrXLc6bOgeVGZ,cdevonish1o
243,SAD,63CNWkjnSpHpNGHEjzYYwZ,ccannerdz
244,ROMANTIC,7aTsbBoGoSNy0r8yXncVFR,bfairbarda0
245,RELAXED,2xxbCXaB21Yol8xd08NxZH,lbutt2a
246,ANGRY,2BG97EQecLERHxQM53r2pL,tmcauslenec4
247,ROMANTIC,3yavilApCRUIKYkIuX8DDk,rcranna1n
248,RELAXED,6O0IdUwj1thWqpQBSjmkRr,vbrashaw8x
249,HAPPY,5NF5TV9zGZ9QLKLf7Oq05T,icord40
250,RELAXED,5sp2ZYNA1EwmC6CA3CGxiq,ccastlemann9
251,HAPPY,2WC9rDC7aw6bzsA9ZwRVqx,kcanedoja
252,SAD,23MrkN7g6Q5U7GLIxNHN1B,dmacdiarmide8
253,ROMANTIC,6AtOR7fFVKLBWb8fnkYPLO,kbentalle9
254,SAD,2P5Eeh29qJrYa1T27cdL3B,htamesao
255,HAPPY,36SZIrsJNxfQBKcTXf4cp9,abeinema
256,ANGRY,1D5oP4WnuB2CI9cRbMGH7N,gprimopv
257,SAD,2d3DoAIDeUC58X3mzDRmDs,gpullinger17
258,EXCITED,7G0aaV8YLU4RSl37yB5P69,bwardropep
259,ROMANTIC,0L7lTy1aRn1TYYCTazcO5j,rdeleek9f
260,SAD,6ULjJomtdRstnT9BPMAf9d,irogans7b
261,SAD,6nRhtvuhIec9EYGUS6brBw,rcranna1n
262,SAD,0Iq2KydFwhvkjH1rI4s1EX,lclemesqe
263,SAD,15BIjaacvCfjggc0PKu07B,cmaccoughen86
264,SAD,4H7kVen3ILbiT0FaMIR1t1,vtottlekj
265,ROMANTIC,16x2V0ZWoXD7Rjo6bSAoEK,bernify
266,HAPPY,6pmWZjdqBpBWJvRe3vBTrA,mbecerraqa
267,EXCITED,5xScFmhGQjYavsC52xZfRh,odabinett3l
268,EXCITED,3yeiEefudVvaXyx7KihpeB,fbattyllno
269,ROMANTIC,5AcqN484R0oJegPizdmNcj,rhammondsdd
270,EXCITED,6bZxiol0nxTfofgGJDtY6g,tchiezejk
271,ANGRY,0IazKTDsOeV4v3NfILh3LW,rjeanneaubb
272,SAD,1xddmaN7Ivc2SQ940oBskZ,godulchontaq4
273,RELAXED,2GMmZu2M9gemkEX6bMZ1iL,rkimberleygh
274,HAPPY,3unn009p4X2XenBrOyhkG7,datlee45
275,SAD,7otXGiOBrTEtngSi5fhGAy,llundbergps
276,SAD,5RpcijmLylKoDn9YFrnugS,jchartman9p
277,RELAXED,3CCMwUTxhhiX0Jwh6UOtKt,bgreenlessdk
278,HAPPY,7LoGfKBAaOl0nxhodJ1240,kperronip6
279,EXCITED,5jwqrtIuFEZbsilJYuovTi,cciobutaruia
280,HAPPY,1rje8rUZ7yTrZqEjv90RRF,kcausley3u
281,EXCITED,7IByJvSqRFltGyiiIiL4wn,fblyden6
282,RELAXED,4qp3fWCIQ6Aa6Sw7odSF5k,dcromblehome8a
283,HAPPY,7dgXB9Y5Aa0ScoDde0Jnmy,asans4x
284,ROMANTIC,1rxh0iojvTB24C6BpOdfC1,rbabonaulv
285,SAD,6q4IEBv1tWq3MHIBnCYYSS,eflecknellle
286,SAD,75KrTLbcLWgCcldZGxZR12,dedgarpp
287,SAD,4KEK72ojf54uZlzcHxOG6b,jrodmaneg
288,ROMANTIC,3dm8oUVHip6AKET1Y6mY37,ralelsandrovich9y
289,SAD,45YmYHJG9AoFEg6X2xvmTV,tmcgifford6s
290,RELAXED,1W1fQ84xvzfdMuFLBPy6Jh,tmcgahya1
291,RELAXED,1bYFGETEbAge4TDk4Nyq95,tbisterfeldk5
292,HAPPY,34Hj25Hf2jA5axEFjpj7dP,adehoogh1v
293,SAD,0zPpiicGF0IaHJRxa0u3yh,esmailspz
294,RELAXED,0brFNoWWDo4EhKbOcFYFLc,ksollam9w
295,EXCITED,1ubk4FS88dx180KNXHYqWw,dpurchall3d
296,SAD,6H5v8vEUc0KxfYNL2Xk5Bo,hlochriehn
297,HAPPY,5UTQ3wHgxTXpENHnk9fKTc,spinckstonebi
298,ANGRY,5DCpa5sx8KAHUbbMf4Ug3W,bstrelitzkibl
299,RELAXED,6YgNYWr0g96uWRHEj1tkj5,cleathersec
300,SAD,4ItljeeAXtHsnsnnQojaO2,cleathersec
301,EXCITED,4QBtyNxYXxrbFuCdceQNEq,gjoe9g
302,ANGRY,4Mq9ahpzHiirkm0Z4uIt1X,lcomollilu
303,EXCITED,14IzkK3IZfcIMWnriKclKo,cvondruskann
304,EXCITED,2g3erkcUse49xvnHuPyVTq,ksollam9w
305,ANGRY,2Xmz3xTXqkXskhie7BvOGj,zyaneler7
306,SAD,1NByMwpOZY69Mmy4l7jYRF,jomoylaneba
307,HAPPY,0SqqAgdovOE24BzxIClpjw,dtreleaven3r
308,EXCITED,6aPMWbbdhDhiJHlknZb9Yx,oglennav
309,ANGRY,4qwTXLLSzb9ODOWdvJBS7D,phateleya
310,SAD,0xzHLtas7o7IAR4rmmKLw6,groycroft3i
311,HAPPY,5lQsiPTAl0XIYiq1snPNpZ,ctenantlz
312,SAD,3WVKZO4h4MSGSIgfmpwEPV,rjeanneaubb
313,RELAXED,7CELI1Bt017qTs7MIGkSR6,fbottle33
314,RELAXED,7gHm7S9qBELTvF7rvWWbFS,klinneyir
315,HAPPY,0ZH7k5erPgrCZI3zx3qZJf,docheltreeqc
316,ROMANTIC,6qRHi481lXMxHLVz97JftW,ltemporalrf
317,ROMANTIC,4HQ2wkMrC5uQCh72HKrnan,uperroneg0
318,ROMANTIC,5NqGfELjcdvRIUuhgZJ34W,thastonm
319,HAPPY,0gKuF5cAyTLUflACTah7yC,klehrpf
320,SAD,4Qa6z3YWYWZvtoI8aAmo7k,dblayd6g
321,ANGRY,7K0K9yjAeqFbI5ktrhjlWV,wbatramk
322,SAD,0CsM8VGDi38kusMv3pxyj1,bberthomeew
323,ANGRY,7ji4dx7G4h811Ydpoz1YE9,wcoathup5f
324,HAPPY,4Cv6ongCvJy9JfSkWVnb5D,lprayrl
325,SAD,1P6wHk5wXM2jj9wEInBLji,rmatthewsonfc
326,SAD,7piw04hPQZ1OHZ9Fq9JOXR,aheintzschg7
327,HAPPY,7AqUE5AY514dbzeOAfJRa0,slipproseqy
328,HAPPY,2fifrxk02FYmyR484j0beA,kdebruijnl0
329,SAD,60jFaQV7Z4boGC4ob5B5c6,nheims31
330,RELAXED,6gf9RW0DKG5GUZJcCMGSje,pdreyeh2
331,RELAXED,4JqgUZ4yZqjeEmgJNsuUjX,eisakoved
332,ANGRY,2uuGON8qD3gKvEMMQb1PVC,dsomersfg
333,HAPPY,4Nnx7d1MHiNi367p0BJsUv,wmaren97
334,ANGRY,0vNaNT09laqonNkOn1WXFL,awilsteadjv
335,RELAXED,77Da7nPpG4Kfy2rPfVzOBU,sblaver3c
336,SAD,27A5Oa8I85c5zdRcatEROq,slipproseqy
337,HAPPY,5Oxp4y96ZAcRHgXNMdLdEN,dpalke2b
338,ROMANTIC,2q3D4sdAMJSJRS9t6oaBRo,jbodocs1s
339,HAPPY,2Gy7qnDwt8Z3MNxqat4CsK,adomber
340,HAPPY,3yc2wVQh1CtRUTO97iWTl7,ljacksnf
341,HAPPY,6sREY9IQvZ06hTXNY0rNqP,atrevethan41
342,SAD,7l4V9AhS3680fw04BBE7f5,amandre46
343,ANGRY,6LuXPPEckUXRL0ut8SN6w8,agallemore65
344,ROMANTIC,4a9i7rCLfPjbS1sNamZeQN,etowlbe
345,ANGRY,7lL7AgPCYvDHz8AI4nergA,gbiagionim8
346,ANGRY,72E3wMPI5tVY7VoEWLSuhf,nstoditpt
347,HAPPY,1fGqXnx6lkyfCUTORlPYT6,zprettejohnsje
348,ROMANTIC,6FPASokCZtXjBQl2jBKYxY,ngroundwaterg2
349,SAD,4ILWnTDoXh6AC7YyUtTfnU,hlochriehn
350,HAPPY,5iocCeqUoCGpT7ZY9oHl6I,skinnond3
351,RELAXED,7eyAPGAA1u9lJCYrZUzVWl,hguirauoq
352,HAPPY,3jtuZ9TxNKIvMEOTJ7bnY9,givanchinib
353,ANGRY,5FmPigqSIfk8zr2kx0H4vz,laskey8p
354,SAD,3ZEJ9Km0dHJee9CJPmP1v4,kbentalle9
355,EXCITED,6SNYpGHWqeB6IJ2Fm7KmvY,ccannerdz
356,RELAXED,3P9maXXpUtiOE3By6KC0kN,kasalsks
357,SAD,0SwSM6a89ZxtEwU3tzmZCS,cbaudino1
358,HAPPY,6pnkWwsWrwWY00Xpw3pc3b,dbackhurstmh
359,RELAXED,15rbrxF51V20hQVu0SChmx,oschurichthb
360,SAD,7mCr6Rn5jx04Fisvts97Z3,gsillis5c
361,ROMANTIC,1vYreQ2DeOhKFtHiGBrRuZ,pritchie1j
362,ROMANTIC,02ctQH9W61nugZdFAYY6oP,vbecraft66
363,RELAXED,0M3rVS2aYMDiobszBYRmVh,jloan69
364,SAD,5lTfUzVs9EscoUa3gqLtIU,bpasseybk
365,EXCITED,3fKeB6lVdwe6rUT2mnLo08,ahidderley7
366,EXCITED,0a6zRnrjmaOcqsEIFkXIhw,kwieldey
367,SAD,2HrPkiR1JrB1AfyuzFVU2o,tluty64
368,RELAXED,1z1VXBSMZzbQF4pvJwDjga,ssprittgg
369,SAD,4Sxv0whUHWzHK5T8uuP66S,shousbiefz
370,EXCITED,0AeUTVVGVWgwPCpPGAm6sT,efuenteze2
371,RELAXED,4cugerDcXpyGDu5RfES1Ag,lshillitoeet
372,EXCITED,6HnBmj84pJyxKC9WO0rMUd,meytonhk
373,SAD,6AYQy1lLzqllit1J6TtCgi,esmailspz
374,ROMANTIC,56WrYHdqxdXdAOjcjA0AYw,revershedm1
375,SAD,3soRlZEyTtu69KNZ0ZPLoj,wmalthusak
376,EXCITED,6gW0LWEwnQz5RspQwmR0h2,wriggeard5k
377,EXCITED,536ahpyFfPwy2OG8cZH8z0,dsirmond9i
378,RELAXED,4rlaH7EbXL55bj9pvp57nP,akristof20
379,RELAXED,57MvUwzIzRJ0r21rnNU1s1,arumgayj0
380,EXCITED,4M0ezYulsUFJDrKk9d58y6,smccane8o
381,RELAXED,2RUymZBJ1PUDPIB7KkW3F2,mcolquerano8
382,HAPPY,0WFaQNCdmyONO7GIWL8mDZ,ckopelman7e
383,SAD,10j7m614MuWqj6qgWKeaw7,nwogdon38
384,ANGRY,4yBnMsa27AyqItNRCJZieA,rhendriksenkt
385,ANGRY,7e6kk7ScZkINdw3yCALoln,lsiddonsn6
386,EXCITED,555bNU24uRnFnd36qWp7MJ,laggusat
387,ANGRY,3cNjgVBKTJ1SvKhunrCdVy,ccuerdajx
388,ANGRY,1d0dcRoVWj7Ri2nRbC6mNY,lcowpebq
389,HAPPY,0qQFHrIqraLgbQXIpnPx9z,scowpm5
390,RELAXED,39y4SqBr6Nu2DIvQQC8Rez,eflecknellle
391,RELAXED,1QZfhqwTaGWzAubdHXU8WS,lweatherbydv
392,EXCITED,7FpubvfoThnQRkP7EWEcDU,ikirtleykq
393,SAD,7b9IARaKDslL1JMtT7Ovlu,elerwilla4
394,RELAXED,1dB1kzLOjTcmSHttRd8bnV,cprayerbz
395,RELAXED,0HuRPLLzkfTod934QNlnAK,baldin9j
396,EXCITED,2NnxpyqHcLYG9R1bBkfJ4N,slairdcraig4o
397,ANGRY,57kn96jwh3J2BzIeYrHURr,mtaffeqf
398,SAD,60mGckXEG1EzR4VmjYLfEW,ntrunkfieldhe
399,ROMANTIC,7vwMtVTXlukS6MpuQzAG7l,grumney6x
400,EXCITED,5p6EDaGSCFWmNcU2R2VZVn,awikeyqr
401,SAD,6R7Rmx1M2mQcH92evC3RMk,dsongerk9
402,SAD,2bkrZWJ7JRXPOal7pWiyDO,hlerwill4a
403,ROMANTIC,7tU3GVhGsQFZze6C5vIwQ5,elokerpu
404,ANGRY,73PPGDE65hW7SaZ1zO5mud,rklimschak39
405,SAD,05y79YGqS94EQe0v29lHIo,jmaruszewskilo
406,EXCITED,2xlZOAKTWVEAhZTrubJVmT,cgiacobbo5s
407,RELAXED,4svJStfE1Z3lMpcPeqDYlD,lcollatonnw
408,ROMANTIC,5VSJ9OfZx8V91A7u8Fuoh1,nplaskettrn
409,SAD,5rwkMQ0tfHdy7zIYDSoKAQ,ggodbaldr9
410,RELAXED,3phspT0DGlluBfWq4oIZoy,hmerredyiz
411,ROMANTIC,1kIFa3geFcIPOfmzlbBt2z,ddealr8
412,SAD,1JyQVDd48BprQrdEOpmodT,anutterbn
413,SAD,5oBvGaf71ARBNmzO0OPOdt,adillestoned4
414,HAPPY,0ANM7OVho2pqsFguo832qb,jrundle7w
415,ROMANTIC,1Pid7DPXjaGO7RvnmoyPhf,okibardme
416,SAD,0bcy0hFL8G0IfV0mpeJLzZ,abeinema
417,EXCITED,6Mhmo7rJ4DN4k6cZ4fUqoq,wwiskarhr
418,HAPPY,6WMkM8PaCUJmvJQ5s6am7L,rduester2z
419,HAPPY,1iobwaz92RzlKiNRTgjDRm,ddosedaleo6
420,ANGRY,62yaHPUl2vELHwaHb6R5oW,eswalough4t
421,ROMANTIC,0FL7kNRhjCXAS5eyTbDoaz,mmcmarquisb2
422,ROMANTIC,6V3SNkvi4BnfmZU0j7s9TQ,asans4x
423,EXCITED,2DjWsDGgL1xNbhnr7f6t5F,dlillimanah
424,HAPPY,3MCVvyB0VJ06E0xqlN1aKb,rhisemanoc
425,HAPPY,6Oq4lIhSSYdA6WuXU9sPeG,csine1m
426,RELAXED,7yss3y4G3zjtufzx8adHMb,vourryhp
427,RELAXED,3A4X4Z7ryb4LEgTFdPrQef,sandrea8b
428,HAPPY,5VXWbvVZi2eCx6SSN4fZTU,lshorbrookog
429,ANGRY,50c1S2S83wvta4UOk910MY,jgrzesiewiczlt
430,ROMANTIC,68Rnp6Cev6ESnEwlpQI2Ll,rshawellb0
431,ROMANTIC,4uUxH8BfRVfEACG2sUt6AA,massanteny
432,HAPPY,64tUOtVFZN98cx48rQEW5T,adunseathlk
433,ROMANTIC,5nLPvBAiRb5sf4mCbsfYz3,akeyesga
434,ANGRY,1T1VEnOmFJg6blKc3NphLh,ctybalt3k
435,HAPPY,1L3Fy1mYwpgFyv3Pr4bAQa,gjedrzejczyk7a
436,ROMANTIC,3I5nV4atugIyEQGwT46hB9,mraisbeckmw
437,RELAXED,2ugb7Vrnvw8wwM6DpDNiPl,mcalam7f
438,HAPPY,3G02QHjMuye5X8YODjjQbU,sfortounnz
439,EXCITED,15TXFTdwGEEL4jH9erTRnK,igrzeskowskioj
440,EXCITED,5jStWhlB7zP93VkFy2fthn,cbaylisp2
441,ROMANTIC,0R97k5AJy1udJI6mGV82FJ,adomber
442,ROMANTIC,6qXdAsUH8I7j3A0d7sX6qz,nmaccartkw
443,ROMANTIC,0JQP1bwayX3SEgT9ggc31K,npoulneyqk
444,EXCITED,1hXAD9awLQTTihiMgz1mpM,nshermoren8
445,SAD,6stsE1VJPaGl2HfsNAx0f7,jhelmke3q
446,EXCITED,7dENhnDxTHnzGtpMrsJ72w,pbirchillll
447,EXCITED,1OW0CsDrjy5GJ6FjWtJMOq,jwillbourneg4
448,RELAXED,49kzqgBFwtTpcH63KIMgXR,okibardme
449,EXCITED,0vabIwEiZDGml2CyVmGNBX,ckopelman7e
450,HAPPY,6xlTJwzkBpt91hmxfhqO3f,ggodbaldr9
451,ANGRY,4f1Bxzgor1HNbdm2kGl8mL,bfaldoe9m
452,ROMANTIC,3Mtz0tfsTuz9IWtvZJumfq,fblyden6
453,SAD,63yss05gw4eRwGm8eTkctG,sstickneycb
454,SAD,7BvM6gezSZfDN3WQjYjEgg,ralps1p
455,HAPPY,67p96tIoC4ESrod9kW331R,kaddingtonb5
456,RELAXED,2DBl92At0WtqpeHMlHSbRs,fboocockln
457,RELAXED,3Gf3nkzhkr1SO6dgFEnDrw,atrevethan41
458,EXCITED,2yk4JxnE8Ja9ifRDxxhRXs,rshawellb0
459,ROMANTIC,1m1H95WBClrt9286hxVryw,jthurbyf2
460,ANGRY,7JhOpDO9SDmGDMVMGDgmX4,bcowlasgs
461,ANGRY,2SIgGbcduNKHTFEFcvmUaS,dstarkingsl2
462,ANGRY,2BCIGNtoG62eii8i5F49A2,elokerpu
463,HAPPY,7C3lbQVR3vlo8WCHNiwycv,lspeighthu
464,HAPPY,2tSjhsJNIMBjNpnapXnd7y,ccastlemann9
465,HAPPY,52BLAD9ywTCjpAFZHXJFLJ,adudbridge3v
466,ROMANTIC,3qcIbFYBfZSbnyiwixAeeI,bdarkermk
467,ANGRY,4O7QxNFfdm4GHQ8j4liDvj,lhuertasek
468,EXCITED,0ACw7rdJl9O8XGKKijCAik,fbattyllno
469,SAD,3owHWDJIs5mT584uCqcUA7,nbeckmanni
470,ANGRY,41Fflg7qHiVOD6dEPvsCzO,lclemesqe
471,RELAXED,3QjIdDDKoZRyfWDKZC4Ayb,mposthill5a
472,RELAXED,5qm0KiVKMXW1kq6VrnIhz5,rgamett4m
473,HAPPY,0JBhoxPKHJc1ZeJrjSt0VO,hgoudieu
474,SAD,23tKvchhAzfCJW8HkBlxf6,mhospital89
475,SAD,5s0M5MAHdkOBTxMBCBOHFr,akeyesga
476,RELAXED,3jVU4LpHVHClU0YDJ8VBqz,gboolern5
477,RELAXED,5nRioLIqp6OTQvwIP3Xcrm,gselbachiw
478,ROMANTIC,582JLMTy2WCHPgKFJ4xCq7,ccuerdajx
479,EXCITED,1HX0hiVMIEkHKTE6zTo5T7,gjedrzejczyk7a
480,EXCITED,4VJ0fyWbmVgKUkMkcnEMsI,tseabornerg
481,SAD,6irRoPN60ApxUZDmYz2Tsw,gneedsz
482,EXCITED,3uQ33vLHvYhUC5EJvd4RuK,mmcmickanbp
483,RELAXED,5kKSQULHCPFE7CKMPrkAtP,mhannentez
484,ROMANTIC,2XSYVfnio65LuIcWXG6aiq,gpulteneye4i
485,EXCITED,4u1QxVrs38oVTHzPRutm0g,sclyne9b
486,HAPPY,2mSKIcHpIXuytBvPKP1h7w,csibrayep
487,ANGRY,5oxioZhKHdASa1PZM65kYT,gbutchartms
488,ROMANTIC,4jH3S2TzxyLhME0PYnNtX7,mhanmore1x
489,ROMANTIC,5DWyzRdimYu6Hl15DwvOz1,wchilcottmq
490,RELAXED,28VC0P6rM7ue8V2QkPBCeW,bgoozeeev
491,HAPPY,58FsmlVRQxpjFmXF8vSKMT,zdrewelljo
492,ANGRY,3OLdsVA4KfPHmnoAr1WJ2W,mtedorenko90
493,HAPPY,6iW7i44Piu4rqVJovJ8DI1,dwylam60
494,EXCITED,2IAumRplFr0Ns09kKgt2je,ggianillil1
495,RELAXED,191fbwbFiUDxRHGEwxcMx2,mtootellnc
496,HAPPY,5uRzm9hMLyStgXfiErpJu5,breinbeck15
497,SAD,2g1EQO48cbVQy3YEGAe7rS,mjuanico9
498,HAPPY,4zHeH6KyAYTs9GqkyMCmGu,lsherelcm
499,HAPPY,0UC4DCHCTwYAqADQJtpFUg,dbeterissig
500,HAPPY,0QIxgtgX9oV8dXua5UPEdU,bmccullagh9v
501,ANGRY,1DfRCC2qpjjzc6l5DmTjkG,ekeavee3
502,ROMANTIC,51hf2tDh3Iv8E7Ucqx5zH1,rgalsworthyhx
503,ROMANTIC,6xMm545wcSYbhNFB2Jr2EP,lzecchetti3g
504,RELAXED,1mOzPMglrTCthDrUpN4xu5,lcollatonnw
505,SAD,3QR84ts5i4RrPC2djYsKgg,dsirmond9i
506,ROMANTIC,1fQeGoPKxnT2dLbEjs6jsm,mleacydq
507,RELAXED,3ZPKocroJIcnHGcnJVlLKD,adillestoned4
508,HAPPY,1YnLthg0HOs8YTzgN5hVh2,gnuccii3h
509,RELAXED,1KxrkdJlsMOjM0nfFWTwI6,cbarde5w
510,EXCITED,1CLz0R5abfm5rKzNO6h4MP,tvirgos
511,ANGRY,00TFDHSe7s8cWm5CzDY8UP,pcroydond7
512,ROMANTIC,3DCswNCOnWhHnq8gIhclyg,mkochs7g
513,ANGRY,7kfZ6ZgDHIXPP4Y6EfRSCn,peverissow
514,RELAXED,7ln7o4q6y9h8qEc6hGrtr1,htremellingi3
515,HAPPY,0q3EESBtkgKYt3IpTdAlGz,fokkergm
516,HAPPY,3KAQ4xe2sR6IiltZw8HSA5,jhanny1h
517,EXCITED,2vhwNpHlTFGSwGffxVMIuM,sduetschenspy
518,ROMANTIC,7gb8Psi5Mf6w78jvnAxh5F,clowthorpe30
519,HAPPY,5I9tzjdiRmgQLbC4SQ9747,sasche2c
520,RELAXED,3b9hajyERrBTokqFMJbxdZ,lshorbrookog
521,RELAXED,3p4Y5z6NLLcmiUjsxQLeF5,lweatherbydv
522,RELAXED,6g4oYXbiCRAU8iPIAPR5Rm,htamesao
523,SAD,4b05249aB00z3v3Eo19wNc,mertelt11
524,ROMANTIC,0IbTEYgnA46IOsVeffx43D,aciottooo
525,HAPPY,0bfvHnWWOeU1U5XeKyVLbW,cstratz4g
526,HAPPY,5AJGHVju4QURGr7Dqx4sMh,eanfonsij
527,RELAXED,5cjVsWqIkBQC7acTRhL0RO,fhuguesha
528,RELAXED,2ahydS3UcOoAF2usK3I1ph,sasche2c
529,RELAXED,47ZCnLYouAI0l1g0HJIrFp,nwogdon38
530,SAD,1OppEieGNdItZbE14gLBEv,givanchinib
531,ANGRY,22HWRdsndhW9Q58yPBRJpJ,bpountneyo7
532,SAD,1DyIW6o93oTfsRgh8oEQSM,zrobken18
533,SAD,49ydqJJrXyYugV1DSPTfgO,cquinceepq
534,ANGRY,3ivqKUVu6uZX6JQvGnaGAR,kmallebone1b
535,SAD,2W2fv7H1THXYCvTnaxi3PR,xcrickette1
536,ANGRY,3PfIrDoz19wz7qK7tYeu62,cgoulthorp5l
537,HAPPY,54rgh6P4Ab6HchnWl7GC4w,dpoley8h
538,EXCITED,0T8rENhj8FVjasRcGMYOIp,bsyslandeu
539,RELAXED,0M4LNWYzrMg2PcGhNngSSW,tginniw
540,ANGRY,16fleVhuPbPn4tw0ByRLC8,wdietscheil
541,ROMANTIC,4EjdlRzIns3YulKVND2jr9,esauntonof
542,ROMANTIC,5IVmvtXj1lNGd87EqzSi4Z,fcianniot
543,ROMANTIC,1Zwi9jkOJbOtjCUCspLAXI,bgoozeeev
544,HAPPY,7ABB9iDHpHe49iDsZeeua2,sscates6i
545,RELAXED,7ooqiuouDji1x9gvnGUTo1,alequeuxhj
546,SAD,6ZiaGtb94L6LtRbC3yHkJW,mdorning4f
547,EXCITED,6yvxu91deFKt3X1QoV6qMv,rbartomeuk3
548,ROMANTIC,5cZGDoQQw9GCAbzEhf0Jfu,lebdind2
549,ANGRY,2U8woB4QqUJh2N84sEtAiC,jtugwellrd
550,EXCITED,4hZIolup6cgYhrzzGq46aq,lmacdearmaid63
551,RELAXED,5KjS3Txot9cx525aPJXjaP,swilbera3
552,EXCITED,7GKRdRDyYBCK5Y4WMuLtPn,cnekrewsac
553,ANGRY,0Y2v82GQsomVCqnfWpRSg5,eklugerg
554,SAD,7dyU5cseTSd5JBYK6hCFeb,nzebedeena
555,ANGRY,4HBZA5flZLE435QTztThqH,eklugerg
556,RELAXED,6TxaIPtuGZoVnHhCxKX1ij,rmanthorpe7n
557,RELAXED,2OjsjNXWHp8gywp569pWpF,ischutterfs
558,ROMANTIC,4YsNxmWhpHFS3Dv6ug1a0Q,dsannes56
559,SAD,7AZREJbd0kP975u6J70hTG,mwalakq0
560,EXCITED,0L2RHuJ4Jo0myMpqvYNnML,mhospital89
561,ROMANTIC,1etHDrmg3sdSfOpSVMw0G4,jledwich5i
562,SAD,7r1AZDkEpEHiKwlEXNShBV,mreforddm
563,ROMANTIC,4KX39APEOO2EgiZFkcJOfR,tmcauslenec4
564,RELAXED,5cbZwg8mjKqTbsT4Z2rUpc,idavidovic2f
565,EXCITED,7IIclpwV4gVb8Xpp3MafjC,tmcauslenec4
566,HAPPY,7zIghh6yq3ldfdwU0meLbu,jorchard91
567,ROMANTIC,51c94ac31swyDQj9B3Lzs3,zrobken18
568,RELAXED,4AeZ4O30oMvsZ7ZBvtys3W,btanderkk
569,ANGRY,2ij6KmSIiA46M3TpZavPNK,jyoungefq
570,ANGRY,2VBEOKfe0WSYvzJAyHm3uO,gneedsz
571,ROMANTIC,0QAvQR0sWqspMYMkJCp1ox,lweatherbydv
572,ROMANTIC,0NokhuFCbhYoMY4cgRuuZi,tmcgregorck
573,ROMANTIC,19eBqGBdGbo39n4nX5zA1U,asans4x
574,HAPPY,3PzAUMMxPcaXEfWEvMx469,cpersencec7
575,HAPPY,44f0izaEgnddX0jIRIBmfQ,sbraddgn
576,RELAXED,13bw75oRjvxMv9VGIeM32i,cgiacobbo5s
577,EXCITED,207BAOr3SwEm2f2fGWda0w,dsirmond9i
578,ROMANTIC,2j5S6iYEjvh1HtiwmpSzd9,mtedorenko90
579,EXCITED,1D7UBHqaPWDbBHs2S5YXge,aciottooo
580,ROMANTIC,54bICsSSkjGWpUTLmtfAYK,skinnond3
581,EXCITED,3DN6pjkh7qt29LHxmTgpIs,bniesslx
582,EXCITED,4odoLyHnSx2jIcXs16IvsV,revershedm1
583,ROMANTIC,2xI2oYmvkl1oaz8W1wghLj,ldrummondou
584,HAPPY,0bF5cHljGnTv14Rio2BBGL,jchartman9p
585,RELAXED,0bEKqlZOze95J2a2ICZL3F,fvinadw
586,HAPPY,4LB6NIm3jSCxyTM4eyNJJA,bgreenlessdk
587,ROMANTIC,1D18MMOF1hNEurbJPv0QCH,arougier8m
588,ANGRY,7EDhnC7KDEWhEf8usTF20d,sjanikjn
589,ANGRY,5ApRSRpfTaKxemrSuDpSKs,bgisbyr4
590,ANGRY,3cBghvTcQNDNkW98Y4eGaP,jnisot85
591,EXCITED,612k0JGUvwPwfXoldaEqs8,sbattinc1
592,ANGRY,3K3UgVYPKn8UqylfIa8T8O,gduguidqx
593,ANGRY,5aEqcblO0Z6JloFJXtxyhe,wmertel1k
594,ANGRY,74ltFESzEbP1NH2KGtbGVm,ereadshaw3a
595,EXCITED,1aMV2OFF5veqkOzEcEDgYL,lgremainlp
596,HAPPY,55qExvsCf5eGfZXDQbT7DR,mhazeldenop
597,HAPPY,6g9Vd4z3JnVUiAIRwFlVCG,ajellnx
598,HAPPY,378oBR88UDygFfo64drlKb,apoyleki
599,HAPPY,1oNFfrgSdZ2Af22M60gix4,hgoudieu
600,EXCITED,1ajmDbaiiibRPxiXUSMGlg,elerwilla4
601,ANGRY,62FqttV28C4sWWTB3VwCOJ,ncamous92
602,RELAXED,71jFgtUBKrBuIO6jeUYu9J,brattenbury84
603,RELAXED,02VBYrHfVwfEWXk5DXyf0T,lsiddonsn6
604,ANGRY,0BH1alkwzqcLBZ1SBPzsTz,ireglarhw
605,ANGRY,3LRpTws8TecJYMxuVipvMQ,lpeterson98
606,SAD,69kZsoRrSf7GBTSdJ4BjqA,jsmeadmr
607,RELAXED,5bU4KX47KqtDKKaLM4QCzh,kbrimacombejy
608,RELAXED,6JVjFD8OHs6LwllT6S23Kx,probbingspj
609,SAD,2zlpPaYrmjkJavxPBIFmJq,alequeuxhj
610,HAPPY,2HRYhmRCwWbOQCAYoQ7rhi,rmatthewsonfc
611,ROMANTIC,3xZ9lsSzF2Js5aByi2GmgD,sfortounnz
612,ANGRY,5VUVf5tMTfL8UwdOmiRxqJ,ereadshaw3a
613,HAPPY,75tORrhionXPRvTJ70fxWB,mivanishinkm
614,HAPPY,4Cv0zyNdOe46nuIablBQf1,nbeckmanni
615,ANGRY,6xd77JLm08CGVv2GKwL9rz,ijerramsdp
616,SAD,6PVxTUWkUdH5nqmGL1mO6O,gstallen1c
617,ROMANTIC,1yA8lhzxv2p8UNygfiD8JJ,sscadden80
618,EXCITED,3OpJGIOGwLVJ8lz8pf7ZIR,ahembryr6
619,ANGRY,1is8gU4RVcN4J8xItxWoOY,fcirichq
620,HAPPY,6IVMKPoe2QCKaDxhzXFF51,bargile6p
621,SAD,57xCSQ2a41k8zW8PkcbnBO,tginniw
622,HAPPY,5w8HmqYszYHdxZLNEN2xI2,zprettejohnsje
623,EXCITED,3GuuK1PM4v64VFyV3LX8LH,mjoontjesae
624,ANGRY,5Pg4qYTcvCUBBq3jBhKq0t,amandre46
625,SAD,3uevycmVxjYJMHeToJmUgr,sblaver3c
626,SAD,2ZMivAT6mukVNSC9qiDviR,noaktonn1
627,ROMANTIC,7Dk8r4VR5NoveUvTiCKEXC,datlee45
628,SAD,2fkVehr2ZC9tEI2EpeOIOT,wriggeard5k
629,ROMANTIC,3i1dmw3Eud6cM576HPkj1g,shedgecockx
630,ANGRY,7emLx4rVwr0tPyjktu7A7U,dwoollendsaf
631,SAD,1B4KDy5VAXxR8FayLvWlJu,bfaldoe9m
632,RELAXED,63oIL8TdR6iO1JxArVadLf,gnuccii3h
633,SAD,1O8Z5URYRvYs8O8Qo1Uuja,esmailspz
634,RELAXED,28mktp2ke7d7RfO7JD4GaA,mmcmickanbp
635,ANGRY,7b3OfGX7LuIyTBk6FMdagF,ctreneerpe
636,RELAXED,1NzjhpwIgh3bXjxdtv2RbY,rduester2z
637,RELAXED,1nSEA6hcYvzAm9omZY6U7c,bdeedesee
638,ROMANTIC,5z4zUjStTssx0f6ZHnNUCm,kperronip6
639,RELAXED,5izY7d1oAnv0Kz3bBmwG8B,pmccaughen1w
640,SAD,509v49WtieWd06Gcu06Gu7,hedgettl8
641,ANGRY,7BKLCZ1jbUBVqRi2FVlTVw,pmetschkej2
642,EXCITED,048KE72zqhDQpy7V7YOyRb,akynastonl6
643,RELAXED,0PkaVMW00sCAeiXd5mKIVb,opikettim
644,ROMANTIC,0pCDwR5bB1eq0NNCUFvfFD,gselbachiw
645,HAPPY,6kPvxjcsgjfLxmgPF25QTA,wwanlessh5
646,HAPPY,1XojvsvPtUsG4SqgHiGiGX,jmazzilli5
647,RELAXED,453W8V5Ynwn6Tr28KuOwsO,dfawdry8y
648,SAD,4pw7EuK2WTWGHI51jCKuGJ,bgallienne94
649,SAD,43U2V485Fo9G5LQm2hrRXl,dgurneyl7
650,ROMANTIC,5ZIHjIkZzX2FPULOi3Jz90,dpoley8h
651,ROMANTIC,4rQ8mMIhnhzuP96qyNeZRs,sasche2c
652,EXCITED,6Fomnvc3pkLvUQYUkhiQPx,lroarty76
653,ANGRY,2SBkwSedtTogejeZhh61IC,ckellandh4
654,SAD,73s9nuAyvR8BFtmLe1EWb1,sdeeryf
655,ANGRY,0LqCvXVNvcnkq78sCQsoO0,tmcgifford6s
656,ROMANTIC,6pbCkvCENw0suVGr4Ckkae,zpimerqp
657,ANGRY,072Hl1zCG3UMxc7JBeQk7r,enern7o
658,EXCITED,3vjBls56UI6EozLVMVMLhy,rtwohig4k
659,ANGRY,3sYWyVGfPuit80szWXhrRA,nbeckmanni
660,SAD,5r4EqfjPh9xC8Nm98ZLSwk,mleacydq
661,ROMANTIC,4JEUmNniFcL5fdbrQWhcFw,cgoulthorp5l
662,ROMANTIC,6SKTHwAjQ2sEJSEcSm2N3v,eavon47
663,RELAXED,4TaWc1aaXknZMXlHvYDBZX,tmcturleyef
664,HAPPY,0e6bjyrgubvP6na84PURkT,mdanaherqq
665,SAD,38nLHaKf8yjPUSnuyCoGlX,efuenteze2
666,SAD,2MTNVoknkbqRIMHMNqs7WC,cwishkaro1
667,ROMANTIC,2CqqyQ1jH8TOGuYRX3XqBY,rbartolommeo6l
668,EXCITED,7u9hs47tC4WnesnQ1oNhjm,mhallattoh
669,RELAXED,6gEaGQfwz4jUE94R6Om2hu,bshippard5e
670,ANGRY,2ce7t3lClsTauOQqsmeYh4,gmccritichie4h
671,HAPPY,6VojZJpMyuKClbwyilWlQj,sscates6i
672,RELAXED,1aoHxBiR8NAOMbgfioUN0V,gmcettigenf6
673,EXCITED,6RbC38oDCIXD8V2AOU1Tjr,dleads7t
674,ANGRY,49LFIIk9TIvKyTkloCvHyh,mkilgrovels
675,EXCITED,3M9kaCvxRrELK2dyrcYdnz,tmaccullochd
676,HAPPY,42iwgWCBOJr142iY4wB8un,dsheratonox
677,HAPPY,1K4rKpWrFT2Jrov03XsJPM,tdoxeyb3
678,SAD,6CqHve8qCxKzEd3ciOy6xj,rkimmons29
679,SAD,2KyjaRrklvkqdIGUEJSGto,ftemprellen
680,SAD,3acBQxxlyb0jC2xqndDzSf,ltrymefu
681,ROMANTIC,5lRxWX6DIUMPtCu5O59dm6,csine1m
682,ANGRY,6fhREmtQ6u923XlvcnaNkD,lweatherbydv
683,SAD,7GawgSohrHICmemM8RZauh,akelwick13
684,ANGRY,4TmHHLuww0oL4G0UyrMVEm,cgodiercs
685,ANGRY,6ND0ppgXAsId06KbbYyZIr,hmonroek8
686,SAD,5ymgluCcWqOfRm1XUn7qsh,slipproseqy
687,SAD,73eL2bSt4f6ZW5RjzQQ2SO,sfortounnz
688,ROMANTIC,0Z51sIImtvHFIVomgeS1R7,probbingspj
689,ANGRY,0yIlw4BQeJbcH6Uxp3QSp8,wcoathup5f
690,ANGRY,5zf6L8KghFmqBOSIuc9S41,caldrich6b
691,RELAXED,2LYhS0VbCzbE6alAI3Q7Ot,dtreleaven3r
692,EXCITED,3qkbl7oKBnhdJZmAgjoEMp,tchaffermb
693,HAPPY,5ibc6T43vzlK8ROkrJ7szE,eflecknellle
694,RELAXED,5e11qBTvl3bdn4rFIv8ZGe,adovestonqm
695,HAPPY,4EkZhTmEP7RUH7n8CCNj6A,gjenney5r
696,ANGRY,3ebqpN2hFJNeTuTTI5G0nd,jboaysi4
697,HAPPY,1qHugjffARcqcuSDnUStfQ,anutterbn
698,HAPPY,6xJOhSm4SvZwzy3uhWz26O,tmcgregorck
699,SAD,52UwxcBnQeWh4HeMngkuVs,rnovacek2g
700,ANGRY,1c1WAHT4YkS0ualatx3nxg,rmanthorpe7n
701,HAPPY,4JVOTPBd0i4TtyJA0hj7Ce,ccattellionre
702,ANGRY,0mgpKVkh9yenAnNB0lTWO4,rbartolommeo6l
703,RELAXED,1uUf8MUvBnhC8TudDxV2hj,csine1m
704,SAD,3v4BXlbV6FOzifaA5NboOW,givanchinib
705,ROMANTIC,6cjSh516BbrNUs213jDAGm,dnorssister9x
706,EXCITED,03Ax0kOLlmuTKA1ay5DOeU,gprimopv
707,ROMANTIC,67GOrSVtYYlEPRQuFWwR29,ljacksnf
708,ANGRY,3geKpJNdURFqbA8OqaR7vr,gabeau22
709,ANGRY,3mRM4NM8iO7UBqrSigCQFH,tbraunfeldhl
710,RELAXED,18LcW3uSmIG0UQxSZQeq5V,acattinia5
711,EXCITED,5D7pZbo7zTa1BgBm696YXb,tmiddlemist8f
712,HAPPY,3xJQqWPE08epHIhQkXga6r,lmackerel95
713,EXCITED,5X9WaYieOyVLfwvzRptG1z,cmalamoreo9
714,RELAXED,6amL0iCFvigjfOy1ZCrb7H,dmillward72
715,RELAXED,7kC97zPE0PxrcItXyGdk8P,pbierling8u
716,EXCITED,0d0HKdkhucIzPrnamJ5Sz3,lcollatonnw
717,SAD,5Q5PotB56PwIcARcHyxoXy,dmillward72
718,ROMANTIC,6ooYJWF2s8TgSsXsbVgD25,djoderl
719,EXCITED,4tL0U1zThI2buyH4gZZyjM,mbaggerht
720,SAD,1F1Rj1Rz95cDW4LpWK740R,hdevita3o
721,HAPPY,2do5cya7VhSK0lZ8k5WGjO,lleathemch
722,EXCITED,06sSlvILKbtXOXSWAJvEsz,laggusat
723,HAPPY,46y7Z4FT959dUDj30tf2N2,njosskovizmu
724,ANGRY,2y8pG9CF0HC4cttJ50Pufk,scowpm5
725,RELAXED,5gbxzSqABThINGDb7vIiwe,rgehricke9l
726,ANGRY,1gpxxex0dP0h23CB3yY1xz,sclyne9b
727,SAD,2eX598AcoEbR1KxPqVAKTP,efuenteze2
728,EXCITED,2fhNSZfNcD90lXomIkkdMK,cgoulthorp5l
729,SAD,0cN9XaupBJXxgc9U41dL0c,cbaylisp2
730,RELAXED,1o1PyUdA5uMuDvD0MVF78z,pmathewj3
731,EXCITED,5HceiIiaDAMQhIvLGJq5HF,agraddell8i
732,HAPPY,1tQ5TSr1tyeQUbHKBee0jv,spresnail93
733,SAD,09OAA8DPITCftAtTT7DZ4h,vpettyfarp8
734,SAD,7sJNeWTXkZCEC7OnFMpGWL,rmeere5u
735,ROMANTIC,2spyaDFRS112FVYq9UZ6Xu,wmalthusak
736,SAD,0xZRLBgPrcjjIyK0BLllQK,mlangmuirjl
737,EXCITED,3kxkjirben9RVm9NqYa6rm,hlerwill4a
738,SAD,3jlUhYASKFwxdbFfV3S4Zy,tmcgifford6s
739,SAD,27S361Y1Yrp8pnSJTFNoOM,clandmanpl
740,RELAXED,3I55ELqZhwcW022mXBontJ,kasalsks
741,ROMANTIC,2F0XzNxOXO6uzMyIYlC0EG,gbergetq3
742,HAPPY,0wgMBe5KO3Oz1gWWWdhT5D,slarwayoa
743,SAD,2VHUmVwiHGFJvhg6tnW65N,itewelsonar
744,RELAXED,1GzeZBt9GXs9hAuopZGacR,wneill7x
745,ROMANTIC,1d0YPdf2S9muoxcxLKzfJC,fcirichq
746,RELAXED,42f1zC2QXFIrnuIvrgZgnv,troyds62
747,EXCITED,1eNUWUVwveW0TFN5xOHXUm,wiannem7
748,SAD,28uZV1g5753r934u55GbTm,gpullinger17
749,RELAXED,52EVeEEPT1H7EIEtN9lC13,sbattinc1
750,EXCITED,1vNpBNt5sqdvHVSuZ2PBiz,godulchontaq4
751,ROMANTIC,6punhea3aLO1amgBFe5Onz,fcianniot
752,HAPPY,5PmX2o50oLqMPXRTiKh5uF,cmalamoreo9
753,ANGRY,0KFwkmCpsFqUs09Bs8iVFP,wwiskarhr
754,ANGRY,71NN8UbvyBft1mQpXrOqov,rdeleek9f
755,ANGRY,6JOe8zYE4bM1rIf2y92tij,lcomollilu
756,EXCITED,0chYhbmecFWGmfysKa3vO5,gpickfordnh
757,EXCITED,5usqAd5N9BgRJhM93KCxbq,qkemingco
758,HAPPY,3ys5J8MAFYex3zO7n9VduT,ktuiteq5
759,RELAXED,3far60nHEGxiwQpcG44FOd,laggusat
760,ANGRY,0vMKH0xbk2s7C2AYe740fT,njanuszewskige
761,HAPPY,0wQzxQq64FY736IRPxgYj9,gduns3z
762,EXCITED,6rk1UifNJO2oKMajBOdETB,iginglepn
763,SAD,2K2W9xSYj7QjGMsnyKdMjq,lsmaridgefi
764,ROMANTIC,0FOVGBW0RpVRuDuUuN4ZVw,rkalf9e
765,RELAXED,0owIthsU5nNNPLK6MjdVOe,hlaurentinoax
766,HAPPY,3995NhRaw1xzPikokgoHqT,jrodmaneg
767,SAD,45U5zq3Y9gQqMPlRGJQKK6,ploadsmanbw
768,RELAXED,5gBTjygVjN8f96lVuUBhGa,gjenney5r
769,SAD,7zgnMl3u0AJB8C0mN4GRfQ,clandmanpl
770,EXCITED,2VijFxKwERVCceWRhplsBO,klehrpf
771,ANGRY,6hVq4MGBhPIniEmpGbJIWR,swoodyer44
772,ROMANTIC,2Y7J2bCoOZkS0pcvN1cxkW,sandrea8b
773,EXCITED,0oFqJm4bd8KxIqx8yCWNan,bmurriganp0
774,ROMANTIC,5dQRYJYKpQO3ZF4CTO6AQJ,ppridmoremn
775,ANGRY,2v4oBaRnTe2YuaQovidduL,afremantleoe
776,ROMANTIC,1dUU2RYiMZ9HCk6CB9Akup,btanderkk
777,EXCITED,2dwnD6tMYqp8zQmfg1XvNQ,tkemmons3t
778,ANGRY,3c1U8uFL2yA1018jpjd0ML,gsagerfo
779,ANGRY,1HHbvFwzFKz38MfEBJ4dPo,mhospital89
780,HAPPY,32rn6ZRXIp3X6DX6GdAdcC,ireglarhw
781,ROMANTIC,3JQBDjHpIH5UF5I98fKskP,wfelderer32
782,ROMANTIC,3rGfD8XpNBkv3WOgHPROiS,esmailspz
783,HAPPY,6nWPzkaAjRdjAGSFhpGc3O,gfittes7u
784,HAPPY,2Ih217RCGAmyQR68Nn7Cqo,dhughesdonc5
785,RELAXED,0SdMLlsw5FOEbHJmJs8aUA,gjedrzejczyk7a
786,ROMANTIC,1QU5M6bDMIt3kyGrB7zfft,bgabbottsqs
787,RELAXED,10Q819dtkrkh0edVOZWC84,psoda75
788,ANGRY,2IqjKEBiz0CdLKdkXhxw84,ksiddonsgf
789,HAPPY,0F4IKZU7I3tWXyJIlqhtqU,cprayerbz
790,EXCITED,0s3lqGsA4ExV5nscjTHV7h,ehawksleemt
791,ANGRY,1wd9Niui5BNBP1gGEiJ7v0,fhuguesha
792,RELAXED,26VPU8yYHcZs2II1PD0G9g,mtwinnc6
793,EXCITED,7Bz8EMztiuSJeHIjrBw7pw,jsmeadmr
794,RELAXED,0k6PIVrFbazACVsQqYl0tZ,lsiddonsn6
795,RELAXED,2bPGTMB5sFfFYQ2YvSmup0,lkermono
796,HAPPY,0fVm1yh9WTofuyCTm4FxPk,gtrousdelliu
797,EXCITED,1CDyOhabXfrSNUYdtxWWqs,igouldcp
798,ANGRY,4RVOFKvNboJBHwiEvqBHne,phateleya
799,SAD,7tZyfflw25Hml8gccF3JXB,kfabryh3
800,SAD,6hNCDSgYDBai0E2AUSaz9f,rbesantiee
801,SAD,3lj59hy6FrRDyYNo8Onuud,tadaoaq
802,SAD,0tPGKwBnhD2pxeUoGxpZYB,mallawaya6
803,HAPPY,6jozA3jqfy04zbRpoKw71J,wneill7x
804,EXCITED,77qFKnJSjEDdufjllpYTLe,jbakesf0
805,EXCITED,2icQrPuCDVAMAoVAHRzF7b,mtedorenko90
806,SAD,6SfsL6v65hiJwS0clxWsw5,lwomack5j
807,RELAXED,1M63dvMiyRk0T4rPLfhHa1,mschutzeej
808,ROMANTIC,67AqPiFK9smFge9abEKsyd,oklugerhc
809,ROMANTIC,4MPm1bsUsZCyJpmAbwPa6H,gcosbyg8
810,RELAXED,5sAUgrmC6oLNN1fNFL4eax,sbuschm9
811,HAPPY,6mCBXs5VNOS3OuiKrtyWxT,elamkinro
812,ROMANTIC,6yFDc6i76pBLV6vQGIFVyP,lquested8k
813,HAPPY,6hjGiP2FY6kdbZT8N86cDc,wneill7x
814,ANGRY,1Gz2E1chOzRyhFXHJYWw8y,mleacydq
815,SAD,47bXIv24jthL4vzZy3j7CY,tmcauslenec4
816,ANGRY,5p66ip2k92QBjuYYw2X0qa,klaverack2u
817,SAD,10nn8Uztc2Ay2EIVxGQRlu,lprayrl
818,SAD,2Ug1U9UQiDL0sabsvcp3kR,dsongerk9
819,EXCITED,1soxeK1ZBX9SsSjK4j4ECa,rbartomeuk3
820,SAD,6VQxMlqVst4NuYFWstQyls,cmacgraith27
821,SAD,04SeRBEjAm4maPWT7UHACY,kguihennt
822,HAPPY,47N7k0N1sw26qkG96czqwK,tseabornerg
823,ROMANTIC,6VVBXRsXAuN5UvqKNw7j0l,gmcmackincg
824,ANGRY,5hSNkAoKDa3vBZLhhb0SmR,myanshin2v
825,ANGRY,7j6b1wVBo73RNkNHFtERPb,docheltreeqc
826,SAD,4wl9wFhVgT4ucd72OEpEeZ,rkimberleygh
827,EXCITED,3OJcxAs3FYGQNJ3WtZKU46,zpimerqp
828,ROMANTIC,627GAlNjgw3o4EsOaAsIYm,htamesao
829,ANGRY,78MLMKaMyZvRUKUyVhyRi0,sscadden80
830,RELAXED,4AvDVJanSzb89H4mmIV1aI,lpurslowky
831,ROMANTIC,2cmsaUjrNkWBvyIeDtlgO7,bberthomeew
832,EXCITED,6ugcsEvV5CRWVcNuOWV3mR,njanuszewskige
833,HAPPY,5VRXsiG9SmI3znIWtcp4FQ,dsomersfg
834,ANGRY,0riL4qjpTlO42hMXWFLn7E,datlee45
835,RELAXED,7M6HUMTLYk36ThEK9G5QpN,bfaldoe9m
836,RELAXED,2NdgWc167zQO9ufNPtmDXh,gponde78
837,SAD,1euNQNgkRPOQogKvH6X3vG,cmassotpw
838,ROMANTIC,4cq62MGrYV4f0LHARaqar3,hdegoweic
839,ANGRY,2ohZvIuVR5CWwewvxXMmjZ,lebdind2
840,ANGRY,1AZC7taMOBklqgY2j5G9Gr,jsmeadmr
841,RELAXED,7M7iBPqs90p3qLUzsHgAIr,bclaricoateslb
842,EXCITED,44xftBTc2LujAquDIArN7q,dlaraway8j
843,HAPPY,2NTImx9Yk0jNzKUg1Ht8wU,fnoenpc
844,HAPPY,6DAHXd8wn5VagzVTDG9pvq,raspinwall7d
845,RELAXED,5kqaW2UxXrcLadZRDxi6z2,mhanmore1x
846,SAD,371ABHyKGdBXttXxvx0A6T,lleathemch
847,HAPPY,5hsq03E3do2gWhyOVV2Api,bmoukesc
848,ROMANTIC,3KWQwppcl2EpUfbq3LXmt0,neckert8c
849,RELAXED,0xaYWa8Nza1sLgRx554fu7,ddealr8
850,HAPPY,4zI04ezdmrN0lT2pHykYrd,bantyukhin1a
851,RELAXED,0AQnCv1a4nk0lhutSLS7f7,elokerpu
852,ANGRY,5IxnaXzC0AoX5tSiVwvUgu,vwitherspoon10
853,RELAXED,4PhM0Tp5e4Wv8J24S63Djg,pbirchillll
854,HAPPY,3s7NKMJGgF8jKE6ICuCdBR,djoangv
855,RELAXED,6bV7CG4bGI4U3imq2NpIG0,sscates6i
856,EXCITED,5EotiyD8MUFtMSwBHxkI8W,mcousansi9
857,ANGRY,6mmGbsCqf5e8vxv1WodYIG,cmassotpw
858,ANGRY,6aTxXPFOGzCHzVaN7rn1tH,kdudbridgelr
859,SAD,7JPAO45DZOmN2bciVaBia5,sbraddgn
860,ROMANTIC,3g3gsNJbATbiSoUg4gMoy8,mmcmickanbp
861,ANGRY,2NVpYQqdraEcQwqT7GhUkh,lmacdearmaid63
862,HAPPY,3AKUHJnQGrtEnxT3HKWkfh,dbeterissig
863,ROMANTIC,2pJmSaPh5lMe4npn0Z6m8A,lpeterson98
864,RELAXED,2P0Is2KHw6ZvCTUC1e4k6j,btregona34
865,HAPPY,4hMReJho3x1AuxXbpzy4mL,datlee45
866,ANGRY,2jb9TkdosZ1XZKPbMxpXgG,mgreeve3y
867,ROMANTIC,79n5XSMDM8GKbFC2r8XdNF,dbackhurstmh
868,ANGRY,6KQURAMt9wOyXnXuxD2WCt,rgamett4m
869,HAPPY,0XOwfUlYzfwGUIqc6Rzx31,kdybellkv
870,HAPPY,7lL7AgPCYvDHz8AI4nergA,cspearingcc
871,SAD,06USlQKH3e6R38Gkl6isul,abaertkh
872,HAPPY,4zYkSXrfgJyrNkNv3mTiIZ,lcowpebq
873,ANGRY,45YdK4lSonEaXy7dEerlBT,tbraunfeldhl
874,SAD,6meH4I9A4WZtD3z8hnQKqr,jbyer5x
875,RELAXED,3ccyeNNjyUDeCzhIpODCKb,ntrunkfieldhe
876,RELAXED,2Qud6Q1KlK22qHcjUGlRpJ,bernify
877,SAD,6HSXNV0b4M4cLJ7ljgVVeh,ekeavee3
878,ROMANTIC,6R7PTwR9EqjbyaNUtlEuQF,dhatzay
879,EXCITED,60aUfRZyvfi37ibBdiTJ9f,vvideangr
880,RELAXED,64r6z0P3RnhpTGdkA7p5Os,tmiddlemist8f
881,ROMANTIC,6NlxqfRxpTiWHXTELCMuTq,dsongerk9
882,EXCITED,5OMBzeUf0tBfjzoCskU75d,rorangeq7
883,RELAXED,14QvBZPWC0ztCfiEnQRS6T,gduns3z
884,SAD,5OKmnlBQhekcgbvP7w9Oh1,dstarkingsl2
885,ROMANTIC,0R1ouIaA26HzdIugTBAtZN,jtugwellrd
886,ROMANTIC,4RCWB3V8V0dignt99LZ8vH,adocwract
887,EXCITED,4dPeCbg2Op44s9kwyMS3ZT,lpeterson98
888,ROMANTIC,0XFKWciu0NGbNfayZ5cDo0,bsalmonfj
889,RELAXED,73SBAGI4fPFm4VkB3NjXq8,jbodocs1s
890,HAPPY,4rjxhh5jLt8hXp8OUG6Mk4,ajanuszmf
891,EXCITED,00kZX8Ne9wNJoChq7KzEpg,bmurriganp0
892,RELAXED,5WVuZDGVw0DPD9hHr9JCQm,bmccawel
893,RELAXED,3YCQTcCHVOeq9AiKVoJeqo,cquinceepq
894,RELAXED,5bEYvX4k2MVBMIWpJw6QfM,vourryhp
895,ROMANTIC,6O1zIickC0YQseSVMGlNq8,isavil2n
896,SAD,4juBGpkEJrSbWUPUW0prlA,afroud6c
897,ROMANTIC,0E3HnGJSMplqBSYGsh2exH,ftemprellen
898,RELAXED,2Vd91FjcKOHXn8kiFv0gnV,ppridmoremn
899,RELAXED,6o1FVTYG4U74SQN5i5M53Q,cfansycq
900,EXCITED,2Myw2suG0dY6LHy7vhFBuS,skeigqg
901,HAPPY,0S7fGPhDSBgv5FjABNUMIC,rpetscheltc9
902,EXCITED,5OA7hefkKNCxb1qJ8UA2xR,khallewellpm
903,ROMANTIC,2eeqdn2XNYJ6beAoHFa4xY,chiersaa
904,HAPPY,7rOv6HovIJvYHXCg0cVfTk,bstrelitzkibl
905,RELAXED,2McZlRwVC4zU07jo4l7bns,rnovacek2g
906,ANGRY,3GkYAqLwnqMek9Wv1k4qUV,lbrenstuhl52
907,SAD,4qXIDK0j1Us0j2g7ZceP7R,kcausley3u
908,ROMANTIC,5RiwytnIjXpmur5Ypry5VJ,cmassotpw
909,EXCITED,4Jupi4tbrMAT8HriFC5xQN,sieldenq
910,SAD,2uddWiAVaH4owVLOHZgjGp,ajamotfk
911,EXCITED,1fhsKLqU0D8y4nOkufigCz,kbrimacombejy
912,SAD,5PfBKsCzmRlPpbLKX2054B,sandrea8b
913,ANGRY,7MOjFM02bewnUpMlXc8vOJ,kcastanho8l
914,HAPPY,0vJ9PvX4HwwZRQv2V2f9vL,dgurneyl7
915,ROMANTIC,1LfenlmTcE1isHsa0dVFek,lgidmanjb
916,ANGRY,2vl9yXYJmoKbv72pUIxoue,bfairbarda0
917,EXCITED,4lHElVXnT9H9laiY2HCoJg,hswindleyos
918,SAD,75zMKn5euxQdlkZgu4P42J,hgettone61
919,ANGRY,36dRGWDdBOlsM57DqOPjSf,ireglarhw
920,RELAXED,54wxsa4zNYLiA1vRBcsHPP,neckert8c
921,EXCITED,5RrOyaV2xOAnf62uWj24dB,givanchinib
922,ROMANTIC,2pXIVmFvG9QwKyZaKh0wlK,jitzcovichchod
923,RELAXED,33JFCwEvVejNIxGwHMakbk,swalkowski4c
924,EXCITED,2NKkRdLnT1aI0W8YqtTkOu,ddacke6v
925,EXCITED,6njmP9TqyeVi3DUioVULY2,hlancley7y
926,SAD,5oQcOu1omDykbIPSdSQQNJ,rmelbourn3j
927,ROMANTIC,09HBvmj0dUeQYHGbKJefR5,ccannerdz
928,HAPPY,5k6or66S86HbgZN3Zrf5Dw,wweafer3b
929,EXCITED,46JGS5Gcz5TilUnqGGHnnl,cmassotpw
930,SAD,04ize5IEH2inSkQkqFGLd8,dnorssister9x
931,SAD,4wuKfMYt9XIDiGCIfloBRR,zyaneler7
932,RELAXED,6x2vJWVX5xaYvkISLVu7Kz,tellcomef5
933,SAD,3x6YqYPI1lFl8cPSsYLVmU,fnoenpc
934,EXCITED,5YT4HRfumwUivqnvB4AL90,lgremainlp
935,SAD,1d39v4V4DmrrLiFX4DKHBv,lleathemch
936,RELAXED,2in67HRK0kG1fiCoXJdbYq,tseabornerg
937,HAPPY,1s4tjtTDRH1PwxQC2ggOdV,zpimerqp
938,ANGRY,2NOjS8RIoLZiZh9e8QCL53,peverissow
939,ROMANTIC,3rV13eMQR0G93DEYhpB09B,ctilstonnm
940,ANGRY,74DJ4qtur6kNINSZb3qGET,glacasa4s
941,EXCITED,7nSBHckG4tTFkp0xqNZDs5,bfindlowjs
942,RELAXED,64S7qudAKjHzNdEjDGssxG,mschurigp5
943,EXCITED,760clbeDBWmBsBLbszWuNZ,cglanzm4
944,ANGRY,5tc5uPw6UqvC0N2fF5jzXI,treveleyr
945,ROMANTIC,270QvftMQtNDGJT5nwo5ha,dfarre25
946,EXCITED,6E0cm1PEAj4i851YTLsCaH,egreenshieldsa8
947,RELAXED,3NGT0Td7H4Is1qrlDQJxma,ccuerdajx
948,ROMANTIC,4zipYzr32DbeuyuUvRwCpw,mratchfordml
949,RELAXED,6AHGXzBfUCsD7rq99TmvhI,ghartinjp
950,RELAXED,11puF5deuvztUHvqNPu0Vr,zdrewelljo
951,RELAXED,1p7800C2UKX0w5EWBYKT0y,egiovannettiv
952,EXCITED,638iDsayTPgIScb5MSn4Qz,eanfonsij
953,HAPPY,1gtlYJegyrj9hO5DENbfxt,tyankovjw
954,RELAXED,5hgkBBZ3JQS9lX5BYYbRL3,nzebedeena
955,RELAXED,4u1MSjULnQ95O8w3cJTOzl,wweafer3b
956,RELAXED,5gpxN0PKFEFbj2k3x3dK6D,ogarriganmg
957,ANGRY,1X4DW4rXv48Wo71rP3vhGL,mcalam7f
958,SAD,5uuXtfqM7Wp3idCxyHeOll,dlindellbj
959,HAPPY,2Zjg31wnbhRzGsnOrnEY0r,dvardeygw
960,ANGRY,2cGxRwrMyEAp8dEbuZaVv6,jdevalnj
961,EXCITED,10W1EKevoLCOrlDeXOM2AX,fblyden6
962,ANGRY,418on2ZuEfUW5yBMvEcZSW,dmewe2w
963,ANGRY,1ML1hKOswbviGfAGVLXA3k,fgillottpd
964,ANGRY,74ke9u10rIeCwTU0KOT6C5,ehawksleemt
965,RELAXED,2z3PXMMsdQqZ48OdOTBIoZ,ohentzer6w
966,ANGRY,5Uh3R4qOKxusChZuDpzMoq,mstarmer54
967,ROMANTIC,3ciDWZzgNmtoDwrH3PkQ9f,awarrackq9
968,SAD,0zlaa4AmbFE7MVDijsyD9Q,djoderl
969,ROMANTIC,0NlM3asfhPzhDwm5frXquS,hhallibone2
970,EXCITED,2ZnAe2Af6C6s8B25gtWbCU,elerwilla4
971,EXCITED,4Asges45UB5r45FSWuUhiw,yjosephoffag
972,RELAXED,59gg6zQhSKGVnkT3hWAY3l,gtolemachein
973,SAD,5LrKc2qDf7oZnSsROz1Xyg,lturnellg9
974,HAPPY,0JwtmsNI76noYakct1EhhN,lkalkoferaj
975,ROMANTIC,1Wp4M3MxgeqI7VZ20Z7Q9h,achadwinpo
976,EXCITED,5E6LYC0c3jyfOpk3czgk7l,rgillham2o
977,SAD,1dS4l6xmdgEhCZTAhdOm4N,icord40
978,EXCITED,2mO3wtkRRgmycJtCyPxBWA,blidden6e
979,EXCITED,39CWhngoWrX3oxZM8Y15H0,myanshin2v
980,HAPPY,6IqtVAAmmFYYyUJ38KzP2E,bgreenlessdk
981,SAD,46ABOH3c3OmH5waNodL3FZ,pholdforth8t
982,SAD,4iUbMPVbCQAx51bIh1GhyP,btregona34
983,ANGRY,4vtSrQhuel5pwCmpWTbADd,vwitherspoon10
984,HAPPY,3vDqBsTd7bVvhGU7WjFeTk,lhuertasek
985,SAD,3dVRCkAxewUv5QzGDJU7Za,cleathersec
986,ROMANTIC,4xWXehhXrboBrvxXAqbAyi,rpetrakovq6
987,ANGRY,1BZMMt9H0TheQGWQy44KmO,ahembryr6
988,HAPPY,11LnclgSxgPI8Zf1A92DIV,acarlino2y
989,RELAXED,1nnVboPqVY2PeXBtyKHGSv,cfansycq
990,ROMANTIC,5h0D0mxHfsHevakcpXvNbH,rgillham2o
991,ANGRY,5f6cTFoUenDiCJDGecYiuB,ewillanb9
992,EXCITED,1V23DFS7SiZDojkOipAkyJ,bniesslx
993,SAD,5V4w0YG6SwhL7YqEvmmCnt,dspottiswoodcj
994,ANGRY,3x63A5hq4vldKE8hWIi1tE,jkesper14
995,ANGRY,4U3Oavt5yvwIOy6lTTiBIU,xcrickette1
996,EXCITED,4lAE47gj539h8R1yxPhhGG,kcausley3u
997,RELAXED,06cjfioFBeeMtNoYRcKjui,cmaccoughen86
998,SAD,0elkbnXXjwRikuMEoOkowv,greimersj9
999,ROMANTIC,2eL6F10TM9LG7ja2GeEJHs,ckopelman7e
1000,EXCITED,1N2PTcWUojsScyHbAqwcAJ,gwoliter7q
