RecordId,PlaylistId,TrackId,Position
1,787,4EdNY3scTlTbGpwGlbjfyg,12
2,951,5KomSS7roeHMj6r3THWiWo,11
3,516,69urEyvy92iNYarDG65uVv,3
4,752,2jRJUYd45DH7qC0LLMIr3w,12
5,280,3dMRil39iTtAD8wLV46W8V,10
6,464,3ZMIjjccHkHGsw43SATvXG,19
7,428,44p3bZSfPXU81yJqW5i7wq,3
8,324,6VpNGCU2ig4NQmsLfALdJU,5
9,977,6m5ep9fuXqYbKjEGxAa0fj,2
10,981,2N1pcj1jkiRtDjpMwo0k4H,7
11,499,1qIRKWEOrKXBOWUjZ4DFIM,8
12,151,4gQJDFLFkF7r7DIEVnUHpL,9
13,517,3GazPkKkfpgoHk4VgRbUY0,2
14,147,393MehrSEiQgRYARQAixkT,9
15,95,4DwWLKys3e3SRuJovxX7hz,12
16,581,5rg2cr5aokhrm5gQNpyHXi,13
17,631,3WLubatGVRtuQo0AI7qIQD,19
18,761,0VYr8pbndXkYntwd9xCR9U,1
19,361,5CoYuqXOp6ls2SzSsHCBM4,12
20,42,55AKHdSvni1iAATZEQlRK0,12
21,315,7gx45iIMOqoVkIibopDVn3,18
22,752,434s5Dl0MmJuwu16VemO50,14
23,530,5uHVN85zTonOfL1IXWB2h2,16
24,703,6rdoaL3Xt0OStKddsht0sG,20
25,620,2qjM3qghmU9gU2BvNQlIav,16
26,752,5Ue2rlRRkLIYQH0JULGGbQ,1
27,435,4YwHqHbnyBR7WRA6EZxZGm,10
28,826,4BqNm3XXku3KlnI69MN50t,8
29,699,4VhR9r9zgzikeruUScgj8A,8
30,536,2lfEMPAs5tEMHJITKZydib,6
31,927,4qfuYzViSfDwWfz8QShgGw,2
32,615,0HpcSr9yrclrhPw0ib0g7B,7
33,751,1R6F9nqsyilNmtus23HRtd,15
34,733,6MmCd3vp8GKJPfkLKAjMqz,13
35,670,1VIKeFnJSLronC2dAyTYbI,13
36,228,3G8ZfV4oEPSwRMlCVbcpSj,4
37,274,6RF9F2sSwOnNmpggaBv6R5,8
38,68,27KqFBK9zwApc3eAp2hCQ0,2
39,139,4M3PKOf5faCIbfvmgyRuTD,17
40,375,30WNOfFRiqgebO4eRkCii8,17
41,588,6mXyIvjkntZgh4v7YpONX8,19
42,148,32gpJqHwc4Danix8sOXFv5,11
43,922,2uLx3Gka9TGCz9Zgu7Uwav,18
44,931,0RbQx6a2ybKmUfTQ1zJMt9,6
45,517,6Q4RJGUzVQym5RL5iq6627,1
46,639,1oiHurFFxAaa1KrL0q6VRo,8
47,275,3PGubBdFfQSHAHsXb068eG,12
48,831,44YQx2SS7nFdjDY3MLCIAB,16
49,719,4HzEzvGHfTGEQnw8hd6L1W,20
50,339,6D5JgahsgickdoqK6MQ1j8,19
51,730,4flyQ8YJcqW57BlABtjrOt,5
52,765,1z3LsJRCvln5qO5TOLduQM,15
53,538,6HHruc9avBu4RLhcRmUZew,7
54,116,0AUoTRhsCMqttmptWWWDmn,20
55,414,6NIdLv8heyXjKYj1LwuiqR,13
56,212,0qemIQjSxcKyf42VPfZnfa,5
57,773,61Hn9ssQkVEWq4ZmPwHyzd,17
58,617,6UBj4GIRV5V2nQqEQl8o2F,15
59,775,1bxSJhTnmLyZ9QMzJ2szHB,19
60,966,5RZ2onkccYP8RbSamO0hXT,10
61,762,2gvlPqqngL3BppFCwLXnVc,5
62,876,746nPV2NXSoxW3imGpG8gk,11
63,575,5CKDuCZN9qq3As3WDlxK1b,6
64,305,5R1QlDClCb2asICAp1dzp5,2
65,477,6H8qW0UoLvVWFaE0sms6NK,7
66,571,2CAX9dUKArSGw2uPy1sVDJ,6
67,804,6TqYadgz6qObDRYkcQe21L,16
68,609,0RNdlFw9TaimQ6syL8rgCh,10
69,151,5tCEbEcupMpNzgWcZyLnl0,7
70,881,3BWOEIkW9H7tCr8wwjzOyf,16
71,693,3fkPMWQ6cBNBLuFcPyMS8s,13
72,435,6eVMz5vDxBxZOje3PlNmEQ,4
73,726,4fpdKDIpr8YVg89VRlLL2r,8
74,831,3YxGHS6Ggv4AgSBMNRPJf9,9
75,277,7cVTDnm81Aw0Oe5WNPpZF8,13
76,663,7tCL3GNUc04W2S7Cx1MzId,1
77,682,2h4PsE7bON5jX8EicW1sem,5
78,930,0a07USn5wDSeemWClzankV,9
79,545,6aGP0AAF8iLyoGdLRpuVoZ,8
80,43,0Sk0DKvQmUrQXp6b1V00iu,19
81,779,5wm0L02zvFgWP6QwIBh16p,8
82,957,3Ye5icBka8ODjcaEQakPvZ,5
83,395,3Tk862X58ciHqlNow4SQl4,17
84,72,31BP9UkAQK5qDBUDr0W8LZ,3
85,200,3XN9MFTsoo6v3sz1eWalfo,20
86,208,0P5lXk4fg0682IgDyK7GFM,2
87,359,7wDoctvsIHSqGAYOKgNDN3,1
88,66,0FzGKD3N0jK6nNOyOJBvNG,16
89,349,0smShzCjTNpnsRfmNaEj6c,14
90,470,2950OAvbXU95Qx85Yek02v,10
91,191,2POEnW8xvLI8o3zcm61tJz,12
92,870,0wZeh3Nntr7XpuZLsAjCzs,12
93,212,6T1071kNui4EUABJp4Dciq,6
94,1,3SKwNeFMNBuaxZ93SVPBvz,11
95,288,46e0K8NVojDxaScX7YUVRR,13
96,608,0FjwrnkoCQOVu67Urzkq3P,18
97,294,6QArx0bL52H6eGfMOfGbL2,9
98,904,5OI1viABJdGBC6KpMTyslB,13
99,371,0Pl5XX0MbdQ5E702GBhnUn,2
100,31,5wYHlfkMylF2Io4Pnz5Lrm,15
101,82,07enmUOMmpuy7ZVUXHAPIk,18
102,887,36uSFiBEa04hR5pEO6NrQa,1
103,449,1KuNk1ZZPTZKwjjo1Vdw9G,17
104,344,39lxs02zC9wpqB0sxufKKI,14
105,440,0wM8XQp5vUEFPmSdVlM6QE,6
106,903,0uafy88ACAmWtrfsALHlYO,9
107,448,3bOhb40pWro9luZoncrHfR,2
108,315,05nJXep7Yxv52WN89iIoNJ,9
109,866,0RKv7sebi8uGmi6EYjAWfJ,16
110,597,5dxgUzUSEMddBRjMZk6bj4,4
111,610,4Pd6uKE3iJm437tc0TAob0,6
112,925,2JV0tWohFjpf6BscqhAXXN,7
113,679,60C3tBC9yPX9vzwYnPrDbd,15
114,508,7oNkh4PT5Ys11ffiTSOZVv,11
115,789,1I4NH1UHbQvAdyl6G0WIkx,13
116,835,0y9YVC6t5HGK2sFJieat51,17
117,159,0MemW1DmggDpHBGH4GgiaS,16
118,431,4E4DQVf8GNBvvOaLfvIcvZ,13
119,299,6rnpozEVs33EQrXqaE2eR6,17
120,452,3ys2cAA9PKud8vdwwqf9aN,3
121,785,0M4LNWYzrMg2PcGhNngSSW,17
122,629,7oTPEieJop7WhrXT3rtSDn,8
123,231,18sSxKmXUCdcOHjc6qT7pJ,10
124,538,2bmkIzfvtnyNdK8esvyahJ,8
125,825,1G7vCwBCxeTe8fB0EGMDdq,19
126,938,6zU8zV0PKEYqRqIxzwZuQy,20
127,733,2OR5FUKy3GQ7I9DCbRnfsW,19
128,344,1FonRAk9xtzJZbGCslpaZ9,8
129,248,17GTH3Y785FxMmgLfBXwF9,11
130,165,3vkeiCyvQQQ0G55vOOJgQD,7
131,641,2MDsJXHLyeYi0eTLxjioQd,9
132,173,5WnnOy3qXPS8qOwl3U5KWX,3
133,312,5QkUh3JKMlKETQEdz4RjAs,1
134,849,4KlkkmZpxUkBFnmbAOQ9RQ,18
135,219,0YtUhW9p7E0DgU6bFzGxLF,16
136,435,6ULTShYs7hdQsmzlzFMjFb,12
137,948,36H8OUJS3X6nYXN0rsQdxe,17
138,342,5W0HZpfl86aVxUoLtV8BGL,5
139,139,16WY2IYR9WgC16gX9Awjud,2
140,537,6i7DyKzkNHXLbRRnMMinVI,13
141,167,6cLCaD0jhIMtK71gTifY7C,7
142,815,2ZlUyEiq09jls3eyk6mjau,12
143,91,5TeLSirV20P8TpjjCvDpfd,1
144,227,6rbn0Hr2It1ZFG7AlmR3ck,3
145,306,04O7jlB6C9IvWN831vEiC0,9
146,57,1EFdn7stwR5AAQ5qgUu6fh,6
147,825,6BwN05qKw4Q8bNoq3rYuz7,1
148,429,3YOTmsDDNbu87ZnZlaXIz0,6
149,511,233JnMkdDZQqydlAhLA4rF,15
150,919,0iANTai9oZfdFzmrGnMQ3Y,16
151,848,2aCza0YC7Wy0imbRYOIWwW,1
152,971,6UuqE5oXVnxToLif1530eR,5
153,896,3EaQ19sdn6IfNNwAbZlLss,20
154,814,1RHiqaz9MG1tKqJ9ny5Alf,15
155,76,07CUaE9XAgDQ0B2T4XGrnN,7
156,756,2Ozc0me9PV5vlt8cokwdvI,10
157,121,2Fwnh2qQUXyC7BVYv05NmL,4
158,497,5VVRRXsJ77a4jjGZCiIpAL,5
159,685,0rlR7gBOx5jfIvVsPfGQsC,8
160,209,01BmQnWTLdDojdO5eZU6nm,5
161,716,6bFz6LCT95vrP0WP9ZBMDY,4
162,962,4iXrQIlznrCBiSl7aJb1Uu,14
163,618,6qVA1MqDrDKfk9144bhoKp,15
164,51,4CreOwx4doKJUyxRR0GjIE,1
165,560,7p0h4RYJA700piwO1grdoz,15
166,492,6TBhThiR54uzZqd8ftKF0E,15
167,446,5fSKILoPQapUmvK0rRpKsj,15
168,365,4w0cuAFQRoyh2iCwYZjNBR,17
169,696,4y3g40TWe7fCWCayJZuGvw,10
170,800,3G36YqxxdFoiIlh7YklGGB,20
171,671,4Hct0TVAdycZFk6zJ5yViL,17
172,795,3gXS1kwhHCpIm6KjpoXWSr,12
173,268,4XIMWXsRnFT0MF0qeIBfJ7,16
174,259,7H6CZlBoo9zhe2V1AyKWiA,17
175,854,1f37bCa9wTI9vEKp21eIrl,13
176,635,751srcHf5tUqcEa9pRCQwP,2
177,173,1NB8HcUSulY9WexgXms8ff,5
178,445,55dffpMdGWqvPYceW1Lit9,8
179,5,727jxXqUuqA4Zs0xyKObe5,15
180,783,6bpKrH5sJjHNoS4T0hlMkV,17
181,536,0SnvI0twJ1Mnh0rJlBRrf0,7
182,526,6lEuFGrUqR9Yc6hSsHPnYP,9
183,191,7I6mwEFQwpTu5ciVZWFpd4,4
184,8,1PCg8EFkkIMuzUhluYyW7D,14
185,372,2xIKC7clGKKhCwFnAuPtM6,19
186,979,33cM7cebe6Aay0VRAqG2iU,12
187,471,3MFFDRC4wTN9JNGtzXsZlN,9
188,56,29xNJWgROhFKNJpfcqwr09,8
189,34,4Ihne9UM7pbwc9tDN2u5LX,1
190,193,4IhpTG2Kdtw6naxkkWoPer,17
191,841,1D5NGDRg9CFCIm6WXgjtd8,2
192,180,7MsGQ1laPhAQTGMnYRNrGP,5
193,526,1YddMZzakt7WEZ9y1xGQgR,7
194,573,3MCVvyB0VJ06E0xqlN1aKb,12
195,436,3V3pU7hmDxquqUvjdPuoCo,10
196,312,7i3Np2zIt2egRQz8iyvFUv,14
197,40,6gjWaNJ7hRldKF76o5ruFe,11
198,268,141LoqWPTdHvgb2ENSo4B0,7
199,900,3IsAdsoecXwzR4bqOdQvCE,12
200,338,2Of6ELgB41N4REAnQvbpwD,11
201,29,0Oq4ujF3prh43WEVwqWA7X,13
202,329,4fRzYHQgupApAZg4zCYQvD,19
203,388,7rPHHJMqOpJyf3raEuI5o9,6
204,864,1r2rzOx5kHt1B8PwsMIIUl,3
205,703,75vBeICzLafF3LOs1rC3DH,3
206,188,3jyzLfHsbAD7kiQu8MllcH,1
207,955,4A6Pst9Ue6wBFa7A4ZVa3e,9
208,47,28s7uQxvvtluoPner6q4lT,11
209,883,1BpG59DLyW6jZxN2PYiUA3,6
210,98,6SYPEs6RfcvpjuBYfJPaNy,15
211,753,5fLextG84qe7IYEL9lGnLW,4
212,667,4FxuDdSt4Y69WsqjVYBww5,4
213,447,3AG23bFmE5QKi8mLEqN96r,19
214,957,4BHOr0zMeC7aoJn61EAj4O,10
215,106,7v4Pcy1Qg5M9HtquXttaYT,20
216,14,1YjXQJ3GTOpwjYoewWrvou,7
217,442,7w7Eq6gzIfiqdIZaBjzPrm,1
218,887,1HgEn8K5JFmJJ8Cmx6SQ7R,16
219,713,1cKPHrpgYiKCYOSmv7DHHH,4
220,268,0OiEdiGsyIfGZE0T8XkZCz,14
221,361,7cRXuKrYYZRHmRibV2qD6C,18
222,944,3qq0Oi75mnpDgwKUTWBr7v,16
223,945,0VmcSr1nhFldapVD7A7atA,5
224,977,6n8TMVyFKoUmDc4apxceRD,11
225,111,1pmojmVPsUbZ1soZ90DQME,1
226,27,6yOr6vYhgHmYjhrmmlfd6s,2
227,767,2UaHvadRqKrUTabLgRdKSQ,5
228,215,4DWttivSdv7MIRbuRcE0Vc,19
229,19,3vf57GSci6XdBKrTcMRRtm,13
230,233,5NTRA9B245BLLMMttJJuPD,6
231,181,6xU6i9ja5W68xPFDgh6tsa,7
232,204,1NX33DecZrq4ZUGDc47AfN,19
233,138,6lUgMWBc9EZGtTJpA6SGQu,7
234,655,7oy990ck95NlC1wdjcJAmM,19
235,790,7j3QVBjUqWBwxzOZ6Chybp,12
236,727,42XXRSqhkkfKh9h1fm3AuA,20
237,715,45ai35oxYWwa4LAjEUvQNC,1
238,527,0LJsIdqpSuyqSiSb0jhbfj,1
239,425,3InNPql7I1zD1TfDyavT9l,3
240,793,0bkW98npv8EsWQ2fXFzK56,6
241,423,6WrhbJcrVk9KlhtdVjgLmn,8
242,957,46eQd5lIICFLG46D1Y6YAr,7
243,751,63X6Fb0DoPjSymRYak7awf,1
244,790,3pTm1XZsAnst6KHzgJCzf9,6
245,61,1ONKjaDIhaRpfXZM6Aissj,15
246,282,0hSTmN84rBWsU52Lu6lCj8,3
247,107,1b5mBzHtrFAUcNnfXYXLNo,15
248,842,0IV89oH9zkyWyi36fQPNOf,18
249,789,0ogQLrVggiaPUbHmRX5LqY,10
250,876,02jLfqc9gMo8PkHEGHY3OT,16
251,734,1K70WrOUKdoejNZ0JlzzGB,11
252,51,1Dr5yM86NEcDowjG1D2nTu,8
253,710,09YadcHsZw8nEmJhB7SDrw,15
254,112,1RG8MABX0VciDk6WYb8pBv,15
255,54,4v8BdXXwDRwxgGekEF7YzJ,18
256,847,7aqhFo8oXyOCDZlOF41Fcd,16
257,214,5iV9u2GnvtVDY5MQvXSlJ0,17
258,149,6cLCzmY3Z1ZxILaVhbbRdL,5
259,440,0ijH7DPZFUFXmV3bDFzF0X,11
260,474,0Wium78nYXiKpv1sq7vebf,8
261,88,2arir9Fflyqh00LWlOxaym,16
262,477,0aypuzPjGpgFcQyjez6RBo,18
263,225,2fuNZrprXsWj8MxzAblDhO,3
264,442,07k7xz8OIhimt4fv0qgrU4,6
265,844,5AHeNewInZtn9QfAsQfsiZ,6
266,876,09AbeKK96E8eA2m8IITFHP,20
267,273,1N7sc4Yj5CnVkINuvjcNmP,9
268,606,5ezpe0WxjrTXSp82nJDnsM,18
269,673,0Dc42KTCfINMQT24tnbcxA,1
270,278,10mT8kNPxS08WV3dR6qEyI,8
271,95,15Hut2YFlDCOEoSY6Qnghf,8
272,744,0mBRKg5LRwBO99x4VTAMOT,12
273,911,21CaraclSZHAVxAQxIfNTL,10
274,702,4Ow0dy9avAgcJQd1tjIYyZ,11
275,173,4NO90DSZaIUfQQhhp1m1wB,2
276,226,4rU28rW9Gy49LmM4ibb0xC,18
277,674,5v1dhqe9vgvp87eyd27hkb,7
278,664,5eiNZ6Bta9NSU5AJ2Gfsd4,11
279,543,3xQeJn1YwY2i5iKbxxVA7O,7
280,734,3y82llo6mdfHpUw9hgSeqX,1
281,247,4xfNO1hq6afGwhxvLMAkmy,12
282,13,5T5SMcaDjnIMrso6Ohgsgj,15
283,477,5ruVY6icAv4DN04j0qcu1W,20
284,783,1dUXyXkSX2jxPp7jONRBcm,15
285,880,7mOGLFitvkIyK6xix2xo1m,16
286,480,6Ojs2aTZv7yeHkZKJQx8UV,17
287,342,1TyJQwXNUGKUUNyYynEKtw,19
288,441,6ZEVE9gBIi7MnO2szA8yWg,4
289,144,0xHYvUPIWA22qhSAOCBekx,6
290,202,3yHLLuFASZSOohpEaiU5V7,12
291,28,3SFRNkZIT3qcP8BXlKwS8k,12
292,808,0sfdiwck2xr4PteGOdyOfz,5
293,553,0mlp9sYi9O7f7xYalECbFW,1
294,264,0fBLGyMqLAGN0TGMSe1Oyr,1
295,742,7LXl6yUAXJL33Z7ZJts986,3
296,966,0ucpgI7zJOClJBA5T7tR47,14
297,493,6lpbzOMBOYHRsp6WEMvRvn,17
298,321,6cTIBfHeUjl7JUq5FjvGf7,12
299,995,62tYkoB4YVEWiWMkMfhbxL,11
300,2,0DRMigVA7KEsuCXMOluOjG,7
301,116,35pv1iC2KwjKOGogg3UJEm,17
302,661,4lXmWtJbFuC9DO4w61shsW,2
303,236,3AlVajn3U2MEuTeh4Z26vK,3
304,893,60aQ47g6775vmbN3yMntql,16
305,959,7lJtRbSmuXwzoeFbtrYHzr,16
306,545,64BbRFQBFPpSKhmCZ5w7K1,8
307,732,5DJmCKCL6UKRdgZeScZqsw,18
308,527,1teVEf7Ks652IUszGJ5Zqo,11
309,903,1DZyuKQJvX3vhba1k1QjJY,12
310,709,5WJU527RQNyMLuKecjsL8V,18
311,344,12wMwN9rEyGJGcuLItMtgI,20
312,442,7aoOskVEFPQxp2A5pTAWYz,6
313,579,5DfUFCeuqMTkI1hDk1nUCD,20
314,156,1UZ9ZpSAmq3YJqUMVRUQxV,11
315,843,19wueaTML1ub7PVdumRgBp,1
316,510,3p4Iji2RMmWLnkPupv7gKk,15
317,137,0S5LzudHxW15KfyTlCbpTI,11
318,325,4Z6PORkOT1A0ttMvnnYQzS,4
319,553,5WSsTyBvMEFG3ac6JKb9gY,10
320,536,718HmBRMdJYSiwzGSIUJsz,20
321,377,0yywQJ4fpMlDg44mkZ5wfX,9
322,707,368e9ONaoEX3imOKHDZo9X,4
323,239,5moXzHXEK8vDdbScsIpHy8,17
324,21,3x8emexoUiq5vLiKOybG4f,16
325,364,0w0AsLfLOiKijA7mKGGvse,10
326,62,2GERJt7UHGAsmobxdSgqu5,13
327,920,1hff7LUnttGIGzbCAjAC4B,5
328,984,3sh185R9tZCr0ZyIVrINI7,7
329,805,5ME0XD3Ix4Z8IdJkK0rxEE,4
330,834,1yLaPrhvlqo53yRAsI8jgs,12
331,169,5b4ja1psqZ59QnyrdwudFW,4
332,807,2RhKxrhti1jd1Krzh968Cb,5
333,941,6joTE2yGfoWzl81QildUEZ,14
334,631,2bCjaF7cRm53Wdq9RtkYJu,8
335,831,63wkGcwWKlBcUlhFP0grhK,11
336,597,5HI9ZiV2pWoQM3eTNf2TGx,1
337,547,5TgUA7EeMusDPjtnN26GuM,1
338,812,5krhFNgUcYHwXlNPJJYzFM,17
339,478,37IFFBgI7qnLKqGP15mmIu,9
340,615,4w6XvMSqNLmWcWhzgub28q,11
341,134,2hdcM81oABlJXaGMvUmWjj,9
342,202,6IKXXfNHW8FQwR43IDxPsg,14
343,261,5UXLvjaM0bnZHbnqsOUs6J,9
344,651,2R1n2QizkN1QygvkqyHhM5,12
345,10,5IfkPX8IQP35lYoR2ILOEx,10
346,999,5XnkKOmt7KOhxgvTwB04f4,14
347,63,5afszEs8fKAEAYBRwnIDY5,10
348,796,1XlosMc3GohfbyiCnUZOCR,6
349,616,7hMKAmUlUUYa5qEiHWK4bk,10
350,919,0gXQAN1d7jWWYDQFHPcEAv,2
351,800,0qgDf2H3HHSfiANtWkZPXh,15
352,850,7vXHdiKN17VSQuADgeufuZ,11
353,100,2beYXVeJaTvbdNQveBR3FT,17
354,794,6t5JVIK5NLb12nqnB49Ayn,14
355,319,1eUNxXsRKs3hyN5gkjsx6f,1
356,711,1Lzd3JpXJZrvRAQMSDRuCI,2
357,629,0pW4iiqD5lr2c9FwDtmGCG,5
358,995,41oY4WCTj5kccfesTVFnvN,16
359,561,6bfzJqCmmKyn7GQtgnfWd1,12
360,611,2pcV9xZcsvwQsXRR1ole1n,6
361,921,5H7iR2LtD889RAOTkcuIUz,19
362,562,78WANNBMEK80nVGTWFGXyg,18
363,36,06cKwLd1PM0LlFbvm2s3R4,2
364,994,1jwuShQSV702Hsu3kgFHkg,5
365,86,690PE50BbeUc6jApItiYZ6,10
366,327,6DE388pqzsxdq2TMcDa9Ap,2
367,700,4QcD6KuxPYx30A4oEMVbiR,5
368,990,4Pv8mosWoVjK2KxtrhQF70,9
369,842,2am9i1Rq2n0LiJmyX5nqXO,3
370,748,3MkAJJKid0CaLHuRzCSCYW,14
371,428,2AwbeqZqcTrZguAw6H2yrY,16
372,652,03P0CqP1V51kulWK6WfHiU,18
373,393,0VXSstDuTzu6dTYg04SCMs,2
374,253,3Xy3jlK5hFBhyoOyVwjMIc,19
375,208,2ueSOewe2bXPIpE8y8TTj1,9
376,31,7MahH3HXlKYhG4VPBj6HUs,8
377,949,3GmFghQwFt6DoRtiKzRGOc,7
378,153,0qG90x1kLxNzNeXPHhXLJN,11
379,771,2FmYKtcSZbKUIDbIu6UalF,16
380,647,0XnSNm4QWL6OJ6SVCKGe8U,16
381,585,3d8bY8zUpWKCvCndoKDYWC,16
382,28,0I75DOENhkPTBpavd8VJgW,2
383,27,1b6lpVZclOgQR7OO3iN87y,9
384,401,56tNMHvbcFPvYiDxA7xROH,10
385,939,1leddRslEbv86BJKHd7BOb,11
386,206,29AKIzprPtfUJYnqtiRAiu,7
387,438,5VLNgfTtg05eImDhEsvSGs,14
388,306,7M7iBPqs90p3qLUzsHgAIr,9
389,682,67do51JLVgOHkbuqo0vDGO,20
390,992,3vV3cr2TpPqFk07zxYUbla,1
391,309,7cgpn5IRAcVVVNOfOMlkPI,18
392,246,2ZGAWiLZh2aRxp2iTL5yMS,10
393,579,1rqb2FCXVn2HNL1afJEnTr,15
394,702,60aUfRZyvfi37ibBdiTJ9f,9
395,489,5xeZDsYEOaBWAAFexDACba,6
396,289,14i75ul8GzSP9I62cnMAK9,7
397,696,5gqFvca45ESaMKJo40t19k,10
398,924,2PW9oQfVT08pITPkkwI54e,3
399,430,7doebiokA0utWXWcw7rD82,16
400,876,7oG7itkvcnZu2zzGPpv8Ax,16
401,866,6mUGmdCMhIp2rtPkPNrznf,1
402,665,5XhE0o2mWyd597AVl5a8ry,13
403,215,4dNHosV5bsQ3HSCTt5RUgO,1
404,734,0tw3Axu1eiY76pXJw2odf6,18
405,706,2cHfKFYrqbH0LshSYScs5O,10
406,897,6gE6svxgPpdWtwnY3nEZUI,7
407,482,4WVZCFBXHrQRhRc10oFWqD,2
408,304,2JhXeYnZ4RFUJowXeuC7g1,4
409,911,2L1S1Kal8d9azSsfckbNNy,3
410,969,7c0YADmyBIFYFRkwR0WWa8,10
411,206,5PYmXQLbKZvguiC6r0bKWo,4
412,982,4Ybl8SLHUxerNOWtXjE1pA,14
413,967,6jRq8gaZhMUyy5RclRPcAf,13
414,386,2xIlEsioAFODKpsVgVNrrQ,20
415,87,43FSBWy8WSY32mUWX4lL1X,17
416,431,5R8LaP3fPOrj7bRmdG4nKy,10
417,93,6zbFF15v2Fwu3KDZOIhtmn,10
418,92,2x3JA1cmr6UxGmt832Nr8P,10
419,983,5lfWrciYtohtIMVDVZd0Rf,3
420,708,2zjt2hHBbiv5SuxYg8Z7eP,9
421,40,5SKCzrqVptE1YpRpTgNUQf,3
422,919,0P6f1wsiwEvl89jUosdJMt,11
423,885,3To5owsnumbjenW1G5j0VK,14
424,221,324Vv8APc2bHig0lm6wiYC,7
425,211,4KvDJYR8xqh4kdXFlwh9LK,18
426,96,3C5piNghVn2W537rCH1eUj,7
427,835,7sp9SYjIBBniAJ7xa1nkZh,11
428,505,0H7JHndcZJ2SFGx03pUnwp,2
429,910,5DEmBsouGyKFcoDbTrPMEZ,11
430,790,1JDIArrcepzWDTAWXdGYmP,13
431,809,6TP6fgrqu2BI55tDWYmUOW,20
432,588,0gGslfeZ5GjK19VcS82Sqa,20
433,82,0NggnKLa7YMlISb2Ywq5FO,12
434,874,3LclB7zSmNSTE6owUaJXmO,11
435,926,5ApE2jBYytrOzO3o3STC0o,9
436,688,5Bk1ArPcnMgeQzSqLjqaSW,3
437,166,1KeBXa5MW4dpVEmtk6r83U,19
438,456,4DW67oWO4QPhVQ6TFIr8ES,7
439,742,5H0xR4dppOkdPqAQXd78CF,18
440,595,0REaKwAIIrYw7ahWlSwtro,19
441,609,6ep8Ai4pXGy7ROznkV3how,9
442,587,3u9MwKqInpTUNiGjQcoxXh,18
443,940,5kkGFMcYcX1h3sQkyJcLHo,18
444,575,2RMG3QSgPaSaQPHRODEj2F,19
445,908,2kJxCewMHY40F4iSQ0JytX,20
446,406,52e64XTYEcYdbe6RmTr6a7,20
447,494,0beovTlPSpPYSYSTtY9Wpv,13
448,507,5jOdQjFMSfCaBiqzVnl6gl,14
449,459,5VBsNLvNQF3ugWJxK0uA1Z,6
450,418,7AtcBzm8ywaQpifSqRdyPH,20
451,530,3srQQxcIZO3PxtOJ83BmDM,14
452,592,5QjLud8Gx1Vl4G5ykpJBKT,5
453,258,4LTFOJjQt0wSunlfvIuCYe,2
454,759,1qJymPMEBleOFWGuFRkZoy,18
455,931,6aW8fq5lGlhoZxhLyC7JuL,20
456,516,0NBdUCQ7N2Wm8rZgWjS5Uc,17
457,631,4SrO6ntXp141rzHKIpSlYq,8
458,940,1XIlhPjBt4udymVWzcPrwm,8
459,742,1acwOlcOCrr0AxdyMS8fEm,2
460,687,7wMP6PIABArvsRwGJ1tfJz,17
461,539,6t6PZ4020pWJJlpZMtkx2l,20
462,3,4S242KsP9ZlDej7dqHWcXP,7
463,971,4LGOSAiawQeYRefjruL9Xe,1
464,694,4rItICvnP7B7aUwhBhOetm,17
465,784,7ps7z3HNmjHWNS9kzNjle2,8
466,211,7zjfRgoJpaGbWNoJkITe4g,15
467,955,3W8Rw3D08AJBgjouGwzu7p,7
468,358,72JzlqSqHIor9bU3e5CbE8,5
469,892,6XcfKZvJio9Z0fQy11GnNX,8
470,368,2FYSLfTFri5Gbccm44lXA3,3
471,882,0rUNZQuYQvOz6A6zwyT6tM,17
472,378,1qWPk0Q7mSeToxCqDVzVwh,7
473,623,6EulzmjzMXbl9tMuTOnpfJ,4
474,618,2hNrGnVySzBMqIQxhklek1,20
475,11,4iObEYRE4FLm0D90gmZFef,2
476,765,0uGvxRvujJcuaJkHVPP2Jo,17
477,297,0d27ucFjvcG6PY6q6lL2c5,17
478,569,0iAkkPHwTkS1nC2vbcw3Ms,5
479,841,6Paa21xzskYSJgTLaEZyPX,15
480,946,2tcPU53Qeza9oFfWjRVM3n,7
481,882,78KEUDqdN4IMpxVcxLR7Kh,19
482,904,7wzNovIu5urOjulGX4VzFo,1
483,625,06Zz2l7cVTCTgCNDe1bnEF,14
484,515,68GFZFc2Fa5HLdv6TXziSD,3
485,965,5NpmzFJuPJr6tHVGlJlSeE,5
486,450,5x4ZnYYupATEZ6UfjiP2dh,16
487,579,4fGMjp3k7d7OAx6y9zAIDN,10
488,179,6kHzJMovirbA1oLrtNooSu,20
489,123,12og6h0QdwBAvh7wG7m3H4,13
490,484,0heLGGv1IyGOgFobFrbUgv,18
491,954,0OjJ4aQGfYcyH2ANGOn1LN,19
492,533,62HqUmvlVeS6G5qtr7upz2,6
493,559,3BR0n4G5syIoloE9DEm9bv,2
494,42,7FfIpIyjR3lq0HYieXBTZq,4
495,566,20umbRtGLy493kML1VedCq,19
496,665,5j0pMS3szgfFkDpw3INTh5,9
497,433,1XDlBd1YCUkQOsoNhA3C5z,15
498,986,7e6J0HgooHYVi4SwdOB2OM,2
499,144,4d2piVOJXEYjbXfbRA8ECE,5
500,531,0RqQLF5N7q1dVW9hb0Dezb,17
501,321,72gzwCIiuhigAGECE7vDoT,3
502,997,78zm6MJ1ya6xjqyUzZUtwu,9
503,160,11RQ3DEuAZ9Tk6Uyk5FKMb,18
504,643,4GhSwI5NSgEVKWbfmf8HyO,17
505,859,2YjbRNLXewpRk5FXM0xqop,4
506,781,4ciy2AF8Q4g3ZxJVHTJ2jV,16
507,527,49djAWQgt8LhoTQrSRBkqB,18
508,440,2o3ybS7PkJULLPia2BL3PH,18
509,528,2dowoN9yWHcP9yuOSbVSBm,19
510,232,6IjeHG6oLIkZeSq2SMEAtd,12
511,991,14909dF5EB4hvURmptzGSB,11
512,404,322MlqfR6pPebiDEbLABSD,13
513,247,009MGoCC568mI1yvsbmTxw,6
514,19,7yGZnu1WmzRVgEnxC4BtGg,1
515,428,0zW8R4isqSoK0NdedBnJ80,9
516,678,2eimnORb0dvAz7UnryqX0G,17
517,600,5iyzatiVME0zoQvP9Sq7Va,4
518,57,3Us0XZpIizl6gDmHnLjIex,14
519,988,7keXdrB4mz57u4b8YkCwag,16
520,891,6foY66mWZN0pSRjZ408c00,15
521,132,0YBBfhk8M288EOJmVgUf7k,10
522,913,5rXxLUuYBd6GkkHSGKd1qL,4
523,8,2mUCD9Bx2IOFFrVtEH3tyg,9
524,846,2kk8L2MStsZ0tYLPkDrL64,4
525,190,1MFASTOgDmN4AdjC6aPX3b,6
526,591,38h5gL20FSZ9jBuhHuSOBe,18
527,813,25YlltWXRb9k7KbrEBRuhJ,2
528,390,2VSGzQqy9nqJefcYGJNWst,2
529,355,4IRaaCRMTNH8FWNxirMYIo,19
530,709,0rWMOzZ7fFYZWI1qlCY4Ig,17
531,988,7caroe1v0ztVCsD0KLoxpW,13
532,41,7JBilRCBO9bGMnyzxLwGpY,12
533,108,3Uto0giI75nJh6wFejmyPm,16
534,423,2K71NEnzh7egPe9MouGfth,11
535,643,4EofI2VbCtXKZU0MlgBr1k,12
536,521,0gdlAca7OFL2lUOCSt6WV8,12
537,447,4kLyAbRTMMfmAH5Fjm3cYU,14
538,260,7MtpW10epOD3sUtURL5ZDu,10
539,675,6qyIvmBYgPHyS6Yh8Z44Eg,10
540,257,3XpK2yXQiYJQkP40geHtI1,4
541,612,0bOAeky7ysHcUeMcfjXiZc,14
542,257,2EPDjGmxLyouIfSRRji5q5,6
543,131,1zguY1porYAdgPeiLbslFZ,13
544,737,0YLSjVxSb5FT1Bo8Tnxr8j,1
545,625,1e3ijfv11bgydFHoJpm64F,12
546,196,0eFNR4nWuhgvBw6vSDyVHj,9
547,304,3RuX68XvRUa4Rg3u8IlyMW,11
548,421,6bOg6vYHAWqH4xewY35sL1,16
549,536,5KsFfEXWbddaODkBr4Er3D,3
550,474,3epxqmWkqp4HplaYp8NfMP,9
551,217,5chSMu0Ff715ngu0TDKwb5,5
552,505,7LTDgxW0Wkl0lZOq4Z5fOZ,17
553,436,53xKlevoXT2OIdDQx3KDl1,1
554,564,6VibBil9LuNNz79dYyb3Rl,8
555,796,09CanZmO6paS3VIPtoVJsh,16
556,224,5c4QFGSOtkcFHpv0GYmKaq,17
557,817,1rtjZVYQOGcQj5KVBeSB8N,13
558,647,7c5dYMIdoo6pmrngkog4dk,14
559,106,1XojvXaazq3jz9ftYsafkB,18
560,828,690PE50BbeUc6jApItiYZ6,12
561,732,1d0ETNqlQNy9EUyk5Frl8h,17
562,834,5WFQTIyl0Z9onzKapXcrXS,10
563,920,3CRAQg37cw39x0xVuimtME,6
564,686,3nNBjfybxXgXOXCj8oCs8Y,6
565,489,6ymoA9aCgqTyoQLIeR7vCX,19
566,706,68HDdKx3xQUh2U7CErYN1j,2
567,926,3AW2kdmgYF0WTltv9tyPw1,2
568,194,5YMoQXGtn0cBUQQZX77NrL,4
569,629,3fWVixEfLz23CbwOHGQFQW,17
570,824,3COXRJvjezdFZEdf289V4W,20
571,897,3Mjk55kicIcfSDnOCprp93,3
572,149,74b3eA3M60lC81LQw9GpKR,4
573,593,0UzyldySe25DQSqMkXkgnd,4
574,13,5u8btv2ohdDQMNJlbVWPDm,11
575,808,21s0bjVrP7RtQskeUKZxOu,8
576,915,4zD7fckgtkUcy4TBnabVuT,2
577,881,32qciHkfj70MyYL5OzqwTg,5
578,381,7LyAGakRZWFqZwqeNCmoEP,6
579,607,7L7XzsEDNRGgVsAixpiba4,8
580,941,0hPjv7ShJQkoZM8JiBnTqa,11
581,859,5FXYwdQivbaBa74NC1ibEo,9
582,763,1B1QyU5S0rIrokfaV9Zq4a,7
583,25,0MumClo5Tvjt0Z2yuUkNBo,1
584,78,4iQnJ1nbzIqRirVI1Q2ig8,4
585,731,13S8rPFs0oA0qqEsqvrTbO,16
586,679,38NY49T4OlgIXjOSY1RKz8,18
587,700,0J14macNc8qWBmQfcySj8c,9
588,573,3w4oWqtr5I9TAoArD44YjL,10
589,778,7xfxErLZXui34OxxUthzjU,11
590,749,3G79AJm9H5lKnngSgBT21L,3
591,632,6jReXy5IY7Ji2XEaaooCKm,2
592,306,2FtMwx3EEQKObs1LUygYNp,5
593,68,2wcRkC0i2cCMjD6ZJ25ZxG,8
594,777,4crcsWIqJfKIRuLVwsBbts,17
595,711,6P61evfC1XgwMm0kZZWvKi,10
596,366,6jQPolTBq89z9AHrMrmYpS,14
597,164,7pVA4JwDYBxOewVJlstOhQ,20
598,609,0b6zTHZIsHW75vNGZs89wq,10
599,739,4zlAyR8ut9YqH0v9pRG64N,9
600,559,6rG3O5YyFX1s7B3Dy1aKzZ,7
601,465,7ESmV0ekv5EdlauHWUMiFg,13
602,713,6Gmv7mq2QFi3A2M92cHNmI,11
603,695,5Q6WYUzvxY2n81kVJeKhzy,15
604,917,3x8emexoUiq5vLiKOybG4f,6
605,252,70cqzB5ASlXEiHlnpRcXsu,4
606,852,4hcGSBvSECjgtaArd6MCUN,17
607,873,5zIBjoj9mkL2Tz7zyIvPib,17
608,139,46LI9mnlQ8fJHH47ioBubg,3
609,140,4JDRj3h78yCb2u9o2Xd6aD,6
610,863,1DyIW6o93oTfsRgh8oEQSM,20
611,229,3nF0ad4eWU0Ibi8rXFIREM,8
612,348,1o4LCS1NcArg3FV18nBRsb,4
613,120,7lAADZLmAEX1bwqH05dWUT,12
614,590,2m0rr93QHcIbLdnac5olfY,13
615,472,6hf0RpxTbOprT5nnwzkk8e,1
616,302,70JkATjg7LzZ9HA22SmmcK,6
617,745,2G7h4u3PRaquSiRF7axRu5,2
618,616,4USWAxwVE2dEbfotjAFYMU,7
619,426,5zqObw7wjBgL9TDiAymxPn,5
620,866,5pItoLGobnz7q0oEiEKonX,17
621,750,210H3A3Fyv94vrcU7ezFtF,13
622,398,1hhMX7QQIhBsXjFmTK7owB,17
623,329,0rWq1vxdBWKUZtoKVxRAs3,15
624,871,1pbISo9A3R3RxHkn2FcOAq,20
625,89,5nPCIvymgNTiXN7hMMTbdX,12
626,349,3ot7yfRXpFYYmBBZ8XrM2f,12
627,409,54S8gAjWou3sGde0vU4DxY,11
628,83,6moTiVH1eYdM7WsGUJYa2K,15
629,613,6FEzQUEpx2SoMehYWVtZln,17
630,707,7lXchNPE1fUOsDvz33NA5N,7
631,346,13rZQUVGSlVc2M3YJ7QDbs,16
632,272,4P6cfbLhBr50i41VzVrYmX,6
633,645,3YfiGjwBzBsDrYPqAJsD4z,17
634,936,3GndP4EReJb9DdA4ByUZeF,13
635,868,6Eclvq2hFXEJ83meyFDze0,20
636,771,1DJakPKQjUoAuHK52vhMRq,2
637,183,5P4mevAaNF6fk3JI7doRtx,13
638,205,2vRbn7ZmxrkEO2SBfxJe3V,18
639,260,3Olsvqd6AC8WOlBEtZkU8V,18
640,986,4HTy9X5DCSc0Beo9IXXgLf,13
641,161,2RdH76bAOn32LSxAooOOqe,18
642,883,0I10YQIht7W3fPvLlhQvkL,14
643,666,3qPHL64oFScNfkqqiuCIGO,7
644,622,6J0veWXt8Ad4djdJV5bOa2,8
645,410,2WwNvrW6o7z3N6yipgre6R,17
646,420,1sQ5zziiE3Ou1IPebmoWo2,6
647,416,49NQle4DHBPsFDlNznFFD1,19
648,551,507IFqPuG8mBQoKebfGG9t,13
649,171,3ZlJymoYg8vq3y9Czi9SRs,8
650,36,6Ka0QFWxeej8Dc5yRmQEIh,10
651,385,6ynAnlAUh045UlljCR08nd,5
652,497,6jB2trS8gm05r1Qx4qatgl,15
653,75,5h6SovHOYpIMlAkafxcbq3,18
654,776,4G2fFCj5aNd7GkOIEjMaU2,20
655,789,4BG9vkQ9ROZrspG8YpBx04,14
656,745,6Xlnhht2brHigHH9qaXMQW,5
657,454,01ok5Cx1Yb27bawEann8aL,2
658,214,1adwLzinGzckhrVfjQsjN9,12
659,86,7zdAEfrLjQcxNXKZEc5qjy,12
660,936,1CAeeyQyXfuEfM13nSYuXi,11
661,656,7adqfTHQR0yib9WaSM3Vy6,17
662,911,0FTc7d89oQ0HpTYLjpPd3p,10
663,395,1d9X7FrdgF1QBiBZR4dmiJ,7
664,713,6nzCvAtyADh0wwZEVMoujK,9
665,170,7ko64FZgc63TnZuYhusU21,17
666,371,74mIyEcLtmwPQZjO2z6uZW,15
667,277,3WVDGjwLYHdtIFYcfyUkgM,18
668,173,3gsTZyZ8ZsRZyJwXT8dJ3q,20
669,234,5TFDKCg738tqykCuezzoL1,8
670,179,0kvy8rEXxfiVBAmBpRqJrU,4
671,658,1OX7MYik5uRJq1VBH6eOoK,4
672,157,7GKrSg97Ctrg5RWQHpywkw,2
673,245,5U8xc7Ui7hC3o4X4KdR94V,12
674,183,4KKLTVEcvfc4zKOq7Zixcg,9
675,66,0vvyFtnV7RAy8JpBIF7ffA,10
676,703,573o3RPFGAXaob5lqXzli7,18
677,692,5RQNKvJmCGeFxvCy3gQm3J,13
678,766,5PP8xFxPRjxxHN9JGpz4Ul,17
679,393,4YEU9N2XAE0DfUwxWI5ijA,16
680,82,0Bgj6XMxb7QdNNdTU5mcfd,17
681,759,2BcPFQ7nrtUObgAs72xaac,16
682,341,7F8RNvTQlvbeBLeenycvN6,10
683,353,6H54drvgw7vRa3jwBXthwO,12
684,826,0cOHNQigalz5bWC7hdateS,11
685,542,7zdAa8Jb4ej2ZSrS4w4ckA,14
686,150,3KOcnNwt7Ao2r41YZVEeMF,1
687,826,71WLu8I7YigziuM35wmsup,11
688,645,3jxgPGMEkznAkD0VWxK2l3,17
689,672,1yYTULMZ5t1mxgbkGzkexi,3
690,547,0WjWcbAurU0tbno6F6X1DE,12
691,873,02GG5bTZ0y37P1qqdtGut4,10
692,74,1lFTKujiU2mkgrYQcDMlNb,17
693,265,7rRTWz085qItgtoJq4A36h,3
694,420,5bC6ONDsL88snGN6QasjZH,9
695,235,4ApDoilVOSDv95B0pssAHy,5
696,982,1WfaiA60QqqYIYMmd1IwLR,9
697,99,3cp8oVi7gb2Txg5AwGcN7a,5
698,812,4W7pOUPJeuuo8hkklQtqu0,17
699,583,2uVXl9p8MUKIswZUBLEgvV,12
700,196,2hdeaGl9nT3UoQIgSqctHj,15
701,486,6YDsFyt28CSK0lLM3Qx2jN,7
702,791,6Y3VKAhFR2Zrqd2MiI35jR,18
703,210,1dcDWxKlOCSrEz6il2MTH3,15
704,144,0O6JAjCYkpjRxBllV4O1mw,7
705,416,4SG9qmC35sNohBYsnWw0gj,2
706,976,5HAGOSvZSwes4XujkPWCd2,4
707,911,5Pg4qYTcvCUBBq3jBhKq0t,7
708,381,2NWVdwbd2hPIzC2lyf4y63,16
709,273,3fd7MTDoNDYsgtwA79s092,16
710,16,38BkqQw3p2fwjkj09ZFeAv,7
711,47,2fDyhCpqJfECadcxiP4uTn,14
712,109,29DAF4DKeSlS8D8ctbDzI1,14
713,361,6HGoVbCUr63SgU3TjxEVj6,17
714,224,3IUiA6msgyFl3f8kzbdgQP,9
715,512,0NsYZt7iTFoLMw3pZTQEDQ,19
716,330,3jW0wb61ySku4gmORXuGDn,10
717,386,7gLVKmFdPHGTrrK5QknUnw,7
718,103,7GwYyLNFyAsSsmt2aa0z6u,4
719,322,2kUtv1wP3roWgZADJHPHaz,19
720,612,5KAgETMr8CnOXDy9K0womp,19
721,146,6bKtriGMUkpoigoQTCA5gk,12
722,405,0TOnotspiMwE2Uc2CM1RJD,9
723,475,6o8TVsJ32zgciInnkbWPvk,16
724,519,6Pq9MmkDQYZiiCDpxnvrf6,19
725,703,5MUWqCYoc9Nopge2pUB2Ij,5
726,474,0ELwNEshcw9E3EQwPPtsFQ,6
727,131,2NW6aorSABGOWS7wEMDndl,19
728,680,11FcfHd3SOmmrWJPGe7Y30,14
729,369,6WrtyVY9CgbXi8TbAOr3KH,18
730,238,0gXQAN1d7jWWYDQFHPcEAv,5
731,207,1Bno2DWL2kmfiy1V5OlmCz,8
732,910,5kqNIqFjijuzvVLhuY9B8j,12
733,720,2BfTccOl6H0otMZDSnOgux,6
734,683,0abr7TTEg8cFgmf5JghuWX,4
735,873,3PcIfTefcjfWTK6WFmOLqK,4
736,247,6mchtho7otjNIYcPPrYZyj,3
737,592,69oT3ALd4CRsBIcNNfp8gi,14
738,667,2XzRnzuIgpZGqco2rMTQbS,14
739,400,2kw0yhFSsRtvOvF5UprN8J,14
740,64,3IpEJ86hrMfUcoXCk9U4h3,5
741,656,041cnMmgqUk1HqJFtfs0eP,19
742,47,3EkN2OnkpsVFZj29Jn8fCI,5
743,149,3YlcW1PAgSwrLW1fSG656n,18
744,370,2GOPmMSzvAWkwWV7gSBSPt,1
745,637,6YUTL4dYpB9xZO5qExPf05,5
746,846,71qB68guEJjbvtjlkZ8DF5,18
747,734,1IuQ3eu4YlAaKkAXs6Rjvi,8
748,228,66790TBuwlIrGxWWTVc6yl,10
749,266,0YhsOegsemgmT7ZHdWheUy,14
750,791,1Pz4QbS8ls7h1JLDprmjZN,19
751,781,6GOkkqYpnrDJLDuR8sg19J,18
752,173,5eaOLqxqts6VaLOCObATwp,1
753,903,4I5iurVfR12GzAPZLRZdg4,15
754,561,4tKNaV5CxlztGumpxi5F9F,15
755,13,1iciuWk8TNPqD9pmziEacx,2
756,969,4NnOO55WYLj3LZJF3rVr2c,3
757,205,5jEMfipJriE8xdWDSQaxnS,19
758,566,58NJ1O96HRS2oFPu4fpW3U,12
759,896,0f70fllnpYQJlADzm3dkEX,3
760,620,0zPpiicGF0IaHJRxa0u3yh,9
761,27,6iVZey7jPf1xmVOF4rHxH0,2
762,819,5RZt3aBokyH2EEqWBef7uS,13
763,759,2lk5QRfMhO9Ej0pWfXZCby,19
764,838,4AKUmRJmSyi0uwiP6HxKzG,8
765,388,6gQJAUHKEVpnSGtfcwZ5Pe,17
766,821,2TFq6oCLFBm3GfrwtsVj0i,11
767,410,4LqwX8IjTon8Nf2iwaMVtv,15
768,489,6NDhsCV7nxJeDsOpM1cPUk,20
769,77,77ZvE7ZKnWhIOdmwm5At59,9
770,256,2s8q3MEyTXW7wZjmXkDxDW,16
771,588,5jl0UgNHaXiCR7ZpHfHNul,14
772,654,3FAclTFfvUuQYnEsptbK8w,7
773,914,69O3Bdh6vBYY3cN3BwTH2Y,8
774,215,65jxTo343ORwsnyEQSoFzt,13
775,503,5e6MFr9RfALZ0YUqT28bko,11
776,304,4T2ZqvihBtgXGffahExxeA,19
777,179,0bcAhiuUndMG16WZf5sn1r,3
778,735,3QSzbe5jUceSc0IyAFJ4LD,15
779,744,2BbwMwiLIuO28tJtZP72un,13
780,401,5C8vkzTOsvcYLbghr7Bt6U,16
781,877,6CfSkSgeS4qR7EucYNfpIY,17
782,925,0pmDuMDaEXDopx86QPi3WM,15
783,928,4KlbH1k1grQmwnhEAeblDT,8
784,555,5dutOOwYJB2O1e65QiSiuA,4
785,114,1D0jiXy3pWSk1QxcB8WWhY,19
786,714,3RzXLkaYqGCTufBROKkPQj,13
787,726,3AawFHorBGEDdM9ngI8ofa,6
788,764,3jTRKZdLTXU2Q5BHKwqqwe,7
789,264,5QW8Em9liiCdAAVk1G0byr,8
790,165,2fPb58e6f8KxejYDCaARwS,5
791,716,6wWKcjSREt5JgLdnVeVvSP,15
792,42,4hBW3h6FnQNh7NRmyxLLG7,17
793,784,3sGOzhLEKanogNnnNJQiDv,11
794,569,4JLI9AgtAXutJvjlXgZBoR,17
795,595,5wQD6cX6rOdRTFMyr5iF4m,15
796,604,485O86RGOuDLnkfJkICiUC,5
797,729,2zLMOb6Z01X9PLxl09xJ9t,16
798,921,5d9RSSwDvlTyuwfmeafUah,9
799,143,0OMvPuFZbl94WC3YUrj3ME,20
800,405,50KVOLNNqft8SJr5ybrv8G,17
801,873,5Oi9Kfwzw689QkKOsRHvEp,12
802,246,4lkARggU1higL8Uszt8cPY,2
803,272,64Ee3te2OWIa8vwfmxHwU1,17
804,475,0aCRmuAglOL2ckmyXfG7Oh,16
805,574,7dNxxkapvf5eRkw24PHSpy,14
806,897,0JiVRyTJcJnmlwCZ854K4p,4
807,978,60wWH04cf7IsUTtWnQdzdI,16
808,984,6AcdKwlWDTVEoc3gctxsji,19
809,239,4lGSIRb6BlkjdudJ7T41Ai,15
810,585,32LKwbmh6yVsWoRRF8DIvf,18
811,603,4uVIIcnBCBXzDRONRhOsYJ,7
812,906,6wO0vMRAJB0r1lEWBJZNOq,8
813,74,1H8qnQ1gOALTI7znBYWYrU,3
814,494,40xJenyivPG4n1168jLx0t,9
815,929,3KhqCh8U9dGfrsV84zPDIM,18
816,274,2B3EtzAgWYKIv5RYdCFPFb,11
817,186,7aAk0oqNIJ9yMX1YKeuwqt,2
818,483,04Gv6iKKvurUaZcIwKnlUj,3
819,635,1R1uEu9uOmrxqvp1HKaPcT,18
820,49,2n2Dh09XwR2HZ2CSY1XMqc,17
821,800,4P8dU9hTkF6imgCoMijYag,2
822,302,7N1Vjtzr1lmmCW9iasQ8YO,7
823,297,7GSXc7dJhGQT1wKMDskVwR,1
824,985,0GkL8obM6sRO530f7Ky6Dc,15
825,668,0SsYlkXxZ5vkWOTsKxMfMz,4
826,845,5AEdInUeGYNvGd0DKqOCCz,20
827,273,5jqv9Mzo3UC7YpxWkccEKf,13
828,979,5hxHyGZETHRbqwEvoR7YJc,3
829,63,1l75b5q10NeaBkyMy18R5N,2
830,779,6TJKeZfK28dQpacagWc5i1,15
831,831,4BOYIpYF7zTYtAkpjoD687,4
832,597,6BivCuyKJtgLa9ooFsvUoZ,12
833,420,6p9Waa5CN1FjDA2nYCWc5a,15
834,240,6sxptembJVty4sNtcPMAVz,8
835,547,5VnKWH0QvC4u9ridOIFwCC,14
836,49,6uYSPBL3Y2shKlqH52Rw4l,2
837,140,2phNY2bHpAbROCrpAZw2R2,12
838,457,4hVYS6OZJgslwnIajJzJqz,1
839,905,6ZsocAcKcoCqtpwapvQYoB,4
840,512,492G9mKNRkoTJFybP2BItb,18
841,502,0t488LlnuTDRjklgkotom9,13
842,679,6Md5uTrzFxcudhWpqRsyeM,15
843,628,3r5CAbMLZEWFHQJ2OiDsaU,16
844,85,0KfD5aqREAQ0zMacqi7QMG,15
845,284,6LN15vwkSE1ZiA8IdBjl7k,2
846,601,7im82Ki0wDa210H4cgnzZg,13
847,550,2XlbrqvoCOCelXymC9K0w3,19
848,887,5Q5u4tU5qBChCWVTOlrkLi,19
849,277,3AwHduBmnwCg88Odj55aOw,14
850,355,2euZSrqKMXydDpdOlM8biK,17
851,749,02hJby0fHozHtjdFrB7iDW,8
852,799,7J89TgtQBjK2KBNOvX770t,9
853,801,0lIee3QNGXfs0AVJr29yIo,17
854,698,0HHVxCfDlSWYgVcdhZypsn,17
855,395,7tDyEcRvGvfKLpFZcKzJYX,5
856,845,1ZSkCjwkcyNnXnaRptBTnL,11
857,243,5JEjVqIWf97Z5X26OmX0uo,2
858,235,51FpZbIYAtkWtbFzZVLxUk,10
859,890,4DyI5W9u1mM3vmXtqWq2wC,10
860,986,6cjvxqXl8cET4HkXCfrXSc,11
861,687,4YwQ3BccBBKrjWGSfKRdGh,5
862,980,5g5w8pq89QLOz0psHs8nyW,19
863,476,3XYRV7ZSHqIRDG87DKTtry,13
864,13,1oodUql6aDnKoA6iRs1PfJ,17
865,27,2xGkuANyhyQQZ4yRIFDSum,16
866,841,3LNBwCPuBbL2oz8KMzROpF,6
867,406,4HjaX02nqWr5crzrpXv9Nz,4
868,122,5uDxxT5hBxtOj7qTR0WCoB,3
869,191,1xFPIRa3PiqwZnC6ztXQmy,7
870,908,1lkGggSQYb4s6JKDuR9xfm,1
871,265,5PX54UGyH80kDwLP5duZoT,8
872,975,3tl5aGjKkwfZDA3PkiGSRC,7
873,979,1F1Rj1Rz95cDW4LpWK740R,19
874,932,7vVqv4EPyBjTuuE5ZtHJkK,6
875,11,3zthhGnvubjpItG1KDe3GU,2
876,438,1QIXBpkD6pT3ecMmy9H1Y2,4
877,624,4HlVUapocBDBqkPtET2knz,7
878,798,2Q1IoizHMaYROD9JrAsLDS,9
879,519,4XqXNU8MwPHwbgZmNXmAdc,9
880,923,4tA1UpSB34EiIZZPQBeIdD,9
881,385,11TmWrHkxwtVcCtEdAXjJA,8
882,324,57c4LHG99WZF98BYh9bklJ,9
883,825,0QwFwpzR9Z9nwovd0P56KI,9
884,596,5IO52ff5epAbottJ7hiGi2,20
885,877,3nGWzFBJ5tMzHWAgs16fK6,20
886,324,6jZO5GYGEAxrvpWfurYMUZ,11
887,592,0LLJ53RZI9XKuBC2KOxrlq,1
888,649,5vRPXm59z8ewWO6WiJHg3m,20
889,235,3z4leqkfSaXQPAyGwQruTe,16
890,286,0VUiaSYJJgUF0JvweD6Mr9,18
891,251,1YqVJ2YSgwxWpfuENocF2t,9
892,90,0COhP1uUQAWITcEpKbI9LM,10
893,931,2cSy0PF9D9NNxzBGVFCLyH,12
894,318,0QULNNd9z5s35entfiiXoa,11
895,443,3zNNXjjjeLrzIXSJZKalDi,2
896,465,2qZ9pgLM4mJ1hy4lfe8Zi9,14
897,510,6BHx1NCBASduR31WNTzm5S,7
898,403,3nvu9r1uAGEI51rXIebXos,9
899,186,3YETcPZiGRLUw8UuQJ7Xsg,6
900,104,0E1MMx1sGNutWgkNpgDRml,7
901,529,2WkjVlKU47qVKyPUehA5eH,4
902,58,24vccZfbTZ5y9qk3XNm2UN,5
903,669,3TAxLyCtWcLqPBVE1rtj6k,10
904,393,7K2oNX8UnvtebYRQtvHuUZ,18
905,835,1OwEx3jhlrMrhAyQ3eHgka,20
906,306,3gtqjuFl9ybkgsVGrMqVvY,14
907,112,4ZGVSDqxtVmyIacvdzZX2l,14
908,31,4pmUI17u8L2FALW17kuEec,2
909,15,1KqF8lTWSsKd4C5yINTGaH,20
910,970,733hyyG8U8kxxebds98nc6,6
911,419,0PDdqvJipqnRkAEnGp4fqV,19
912,130,6hqXjngqrBWFfsD3rREM9C,11
913,689,3ShC53DOW23MU48yqA7mqP,8
914,593,7MeRDJk9PagNVRoXpM4kvd,14
915,297,6grkrnX0IaNPz92hH8qDAt,18
916,419,2IoSxedPj3lZVul8qUyWZF,2
917,563,6ifRkrDOVOl894U1YuuTfM,7
918,185,1GQc37FbWylRis3ScDOOcy,9
919,905,522MbOYOtRZTyRQNfJrE5h,14
920,808,2c7bYMlhrYiZFn5Ywtk4PG,9
921,6,7KYScY2HyYi4K68OFCle4k,2
922,75,4XTJWc22VRo7oK4e6YmwtT,19
923,624,5luRVoc6FQ9i5Alb096JJF,1
924,517,63rY51rmghCWZt1jQnEwEs,17
925,625,6s20VAuY4peUFYiLtpcW2r,17
926,642,78v8ad1iLTlfLbam4qvzNu,2
927,401,0SVlfRAIo0hdFJ1w5sQF7p,2
928,952,4nGy2XA9QGxYb90cNyHguO,10
929,886,0rGrdh1YofOtiXSjbn7qiz,15
930,127,6F1B2iBDmZ2nwBR1PiWTLW,12
931,60,7unFex1BO1heclWVDWgjn0,5
932,433,2YIwbqHgUxVOXo3GNSHvku,11
933,101,3YoXksESEwIkPsH1gZBq4r,15
934,107,0GRUdNbFzhCFceOI8fLHoQ,20
935,361,7sOaHXfvLFEswNoaESSXIQ,1
936,904,4ZmLXCBmuMjK5RlCsCHowb,15
937,154,0LbLIVrkbaPMeE4XHNgNpU,5
938,279,1AcoISuZA2tq5uFOwRA7yu,19
939,283,7yieArGOFIdoGJv1V8hDr2,19
940,799,5h9f6U69Gi7d5DXO1OQFCZ,15
941,347,6Fw0I1fDME2xFSmjAwgVxJ,17
942,766,7nbAMKGkPMjc4EuNNsjXqZ,15
943,234,2l2LAtyDN5RgL6HsgBkWyP,6
944,294,4BkFVCDaobMOvm56XGdnzQ,1
945,71,7bOYOD0d7ByMTXvJnQVl8d,5
946,58,3uYMNYNO2Us6QID3MJULtY,16
947,1000,2sE9IexbGA2WwA4J6JaVw0,5
948,229,3WvPn9OHnjQzwyN8Zd1xLJ,10
949,442,66KGQKjd0ooNXFSx9uRc8c,1
950,891,7M7UCMrhq3fT6CDUo0pYi9,15
951,382,7zRip1Ey8ilxIT5aK0qSxg,10
952,27,7wZnt8sHhTMO8PA4o5Ah3n,14
953,938,399K4lkuhooKiQjW4CFM9B,3
954,319,4jbDdUhR7ysE7iFzpjvNQH,9
955,927,6QTzHZXdsLnbAJC0IcO7oH,4
956,7,5AjUSWK2RtYPxPIXYElrBA,20
957,245,5dZ44ovq0lsSvf72vAC1t2,13
958,928,1nLnpLXvl68RZCSjfkyiaa,17
959,625,3myGeeoXQo3JNGm6hu3W0F,11
960,267,4xXdQBMlwphSnCl5thfXFK,15
961,895,2yMcIvftBKSxwDm1XNeA16,12
962,960,78uuQ4uvkmn2igoS21zVEd,4
963,527,4ONZg5oMKfgphejbsD8A6v,16
964,681,5xDQOEHXtk014zxxXtdHfM,12
965,269,3UM15EeyHsRCbbIym5bmIt,12
966,330,1aToLFSxAcwwAXuUBpgHWn,16
967,817,1V0IXsJwejA78hvj5sDzzr,8
968,255,6wzWHglnvkWjmHem8a6tQ6,15
969,965,2uqXfUERVBLa1heEoUTBlO,19
970,349,3hmOHDyG0ar79kBeRwD2V4,4
971,696,75MtyxCW4EhkpZUq8CwJ04,20
972,408,7zxFX9HgoVVMDsJbis57C6,12
973,941,3RFKqSwoBcvI8PO6YwhHN4,8
974,429,00yPinAe1rsCCCtI1F43fp,15
975,953,7yXWYGtWcCPHgVZ5fyRVHT,17
976,638,5sqvkaJmgYFW1Gj9G9mXBr,17
977,121,2LfKCtGFJj8a6nNCxWI7ap,20
978,451,1t4EDMSxXLQhOiutcMN6VQ,5
979,724,2VOthtVqmaCKL1qiZB32BF,20
980,846,66YEDcrJdUYuvXznH5zrDq,8
981,133,3c1czsomdMwb9VMgNY5E9G,8
982,47,0HKzYLiNdTdGFfgStbfpQV,2
983,392,6NLzpxi7PZH1K1tsLqpmeh,18
984,202,3I0ZKyFRduJK3RlUCU4Vhc,9
985,533,5bmZUFLASIgru2os6M6YYn,10
986,593,2niYHAuqa6lp7r7J26FHUy,1
987,365,06YwUN3ytQn10H19x9cSPj,10
988,851,426JzacMpWL37wBczMdy9R,20
989,414,6oe2HcrgnNU66Eyq8BY45Z,11
990,884,5ujyzxefPdjzeCGh2qllFn,4
991,678,0aGOxSvkvSWHUGl7P24ynI,3
992,59,4P3DWSjj4sgj7FEOQGeaZv,3
993,567,30eNMlF5FIm7mlnIgwroHw,12
994,607,4EJPDUuKsCArRCvhDx2YW9,11
995,672,3NGkNPtXtTXV5VqiLpGgLd,15
996,829,5Tjwl3oPSCD2o0nkAbiGW0,19
997,689,1tSSc111CwyzxWmmIxyXRS,12
998,135,5YY8EsBdUYAg1NJQIvgCEj,15
999,27,0NBdUCQ7N2Wm8rZgWjS5Uc,1
1000,337,65kSCCFGF57JuPKAxyMlKT,19
